time	SAM	NINO3.4	PDO	SOI	T2	PDD	SF	SMB	MELT	Q	RZ
1959-01-01	1.59	0.52	1.04	-1.5	-0.33094323	5.565953299999999	0.028779626000000003	-0.048412845	0.07719247	0.068192124	0.014937075
1959-02-01	-0.19	0.44	0.35	-2.3	-1.0634171000000001	0.91596806	0.038195192999999995	0.02549192	0.012703273999999999	0.005515081999999999	0.019741505
1959-03-01	-0.54	0.24	-0.14	2.1	-1.3608955	3.5059311	0.06058340000000001	0.011960746000000001	0.048622657	0.02974575	0.031253394
1959-04-01	-1.25	0.17	-0.16	0.7	-6.059882599999999	0.0	0.03733087	0.03733087	0.0	0.0	0.018729515
1959-05-01	-0.32	-0.11	-0.13	0.8	-5.2099047	0.010123319	0.06631941	0.06617901	0.00014039714	0.0	0.033447053
1959-06-01	-1.12	-0.22	0.23	-0.2	-6.972000599999999	0.0	0.05110225	0.05110225	0.0	0.0	0.025501273999999997
1959-07-01	0.18	-0.74	-0.42	-0.4	-9.914696000000001	0.0	0.08897442	0.08897442	0.0	0.0	0.043618012000000005
1959-08-01	-1.64	-0.74	-0.31	-0.2	-10.349758	0.0	0.07911925	0.07911925	0.0	0.0	0.038682967
1959-09-01	2.46	-0.81	-0.53	0.0	-6.225867	0.0	0.049648773	0.049648773	0.0	0.0	0.02488591
1959-10-01	-0.46	-0.43	0.96	0.8	-4.172966000000001	0.10274062	0.059898272	0.058473397	0.0014248773999999999	0.0	0.030390916
1959-11-01	3.28	-0.58	1.38	1.5	-3.7926599999999997	0.0018232479000000002	0.033381034	0.03335575	2.5286055000000002e-05	0.0	0.016974235
1959-12-01	-0.38	-0.38	1.02	1.5	-1.3353752	0.4529781	0.018912546000000002	0.012630335	0.0062822117	0.0039491267	0.009756613
1960-01-01	0.9	-0.29	0.24	0.2	-0.11602016	9.956787	0.018338133	-0.11974943	0.13808756	0.12912087	0.009529184
1960-02-01	0.85	-0.45	0.61	0.2	-0.24078070000000001	8.795826	0.06522706	-0.056759495	0.12198655	0.09431264	0.03387633
1960-03-01	3.4	-0.25	0.23	1.7	-0.0056775114	15.938945	0.029120672	-0.19193158	0.22105226	0.20591213	0.015140133
1960-04-01	-0.35	-0.22	0.21	1.3	-5.2933917	0.0	0.06673582	0.06673582	0.0	0.0	0.033642296
1960-05-01	-0.6	-0.13	0.35	0.9	-6.247971499999999	0.15377808	0.038794935	0.036662232	0.0021326998	0.0	0.019444516000000002
1960-06-01	-0.17	-0.35	1.2	0.2	-7.615957000000001	0.08585446	0.042440495999999994	0.04124981	0.0011906886	0.0	0.021094923999999998
1960-07-01	0.31	-0.3	-0.42	0.8	-8.084269	0.0	0.04633872	0.04633872	0.0	0.0	0.022969358
1960-08-01	0.43	-0.13	-0.31	1.3	-6.6888356	0.0	0.054246627	0.054246627	0.0	0.0	0.027116232
1960-09-01	1.41	-0.29	-0.96	1.1	-4.4822025000000005	0.0	0.09235039	0.09235039	0.0	0.0	0.04677449
1960-10-01	-1.17	-0.45	-0.34	0.2	-4.715147	0.20887507	0.051019713	0.048122883	0.0028968232000000003	0.0	0.025806722999999997
1960-11-01	1.18	-0.37	-0.34	0.9	-3.6443052000000002	0.44568652	0.062126602999999996	0.05594552	0.0061810864	0.0	0.031621665
1960-12-01	1.36	-0.34	0.0	1.3	-1.6502054	0.07475458	0.018556327	0.017519576000000002	0.0010367478999999998	0.0	0.00955708
1961-01-01	0.91	-0.32	0.89	-0.4	0.11850064	13.673804999999998	0.052774668	-0.13686307	0.18963774	0.16490187	0.027462568
1961-02-01	-4.0	-0.18	0.92	1.5	-0.29343852	7.8787394	0.053736962	-0.0555308	0.10926776	0.08515958	0.027899686
1961-03-01	-0.4	-0.3	0.64	-3.0	-1.6569366	4.1309814	0.048121862	-0.009169424	0.057291284000000005	0.038507827	0.024782367000000003
1961-04-01	-0.14	-0.35	0.28	1.3	-4.3657527	0.0	0.032404374	0.032404374	0.0	0.0	0.016425109
1961-05-01	1.12	-0.06	-0.54	0.5	-5.913391000000001	0.0	0.06442061	0.06442061	0.0	0.0	0.032353222
1961-06-01	-0.4	0.07	-0.7	0.2	-7.336244000000001	0.0	0.083005905	0.083005905	0.0	0.0	0.041333202
1961-07-01	0.98	-0.29	-1.23	0.4	-8.650023	0.0	0.035941355	0.035941355	0.0	0.0	0.0177549
1961-08-01	1.1	-0.65	-0.87	0.2	-7.5368886	0.0	0.04099739	0.04099739	0.0	0.0	0.020386407
1961-09-01	-1.21	-0.95	-1.34	0.1	-5.3114175999999995	0.019722161999999998	0.042423635999999994	0.042150114	0.0002735205	0.0	0.021379342000000003
1961-10-01	1.64	-0.96	-1.78	-0.5	-3.660893	0.9450221999999999	0.08433892	0.07123271	0.013106218999999999	9.5857176e-05	0.04292093
1961-11-01	1.52	-0.56	-1.43	0.9	-2.7040412	0.7900589	0.05034781	0.039390735	0.010957079	0.0017142999	0.025769116
1961-12-01	2.32	-0.59	-1.73	2.5	-1.414048	0.1426782	0.06767066	0.065691896	0.0019787592	0.0	0.034896042
1962-01-01	2.34	-0.59	-1.0	3.3	0.15973231	13.806992999999999	0.009578248499999999	-0.1819066	0.19148485	0.18746291	0.0049827006
1962-02-01	-0.5	-0.56	-0.87	-0.5	-0.020887075	15.200829500000001	0.022303532999999997	-0.18851199999999999	0.21081553	0.19922043	0.011595111000000002
1962-03-01	-0.66	-0.44	-1.06	0.2	-1.420527	7.147520500000001	0.047171127	-0.051955596	0.09912672	0.07869716	0.024323009
1962-04-01	1.65	-0.58	-0.95	0.3	-2.565142	0.33966702	0.036662977	0.03195224	0.0047107358	0.0006914257000000001	0.018777227
1962-05-01	-0.66	-0.76	-1.3	1.8	-4.528292700000001	0.0	0.03700619	0.03700619	0.0	0.0	0.01873766
1962-06-01	-3.41	-0.51	-1.71	1.2	-5.2088895	0.0	0.09718593	0.09718593	0.0	0.0	0.049013935
1962-07-01	0.33	-0.42	-1.83	0.1	-6.260618	0.044283845	0.04977407	0.049159914000000006	0.00061415875	0.0	0.02494221
1962-08-01	-0.2	-0.51	-0.66	1.0	-5.641831	0.0	0.036094394	0.036094394	0.0	0.0	0.018154945
1962-09-01	-0.15	-0.79	-1.47	0.7	-5.486087	0.8266878000000001	0.07573448	0.06426939999999999	0.0114650745	0.0	0.038133536
1962-10-01	-0.36	-0.71	-1.76	1.6	-2.7844617	0.6422928000000001	0.059324164000000006	0.050416403	0.008907758	0.0021484187	0.030344992999999997
1962-11-01	-2.25	-0.87	-0.38	0.5	-3.10475	1.2840433999999998	0.031256076	0.013448083000000001	0.017807996	0.009220106	0.015958741000000002
1962-12-01	1.35	-0.89	-0.23	0.3	-1.3234515	0.48592004	0.025449634	0.018710561	0.0067390725	0.0028035596000000004	0.013130296000000001
1963-01-01	3.26	-0.78	0.12	1.7	-0.03673061	13.058628	0.0140512325	-0.16705479999999998	0.18110602	0.17446506	0.0073040295
1963-02-01	1.41	-0.52	0.15	0.9	-0.5572342	10.13953	0.0582475	-0.08237445	0.14062198	0.11589463	0.030191245
1963-03-01	2.03	-0.05	-0.28	1.9	-1.8164808000000001	4.2037629999999995	0.0667491	0.0084484285	0.058300674000000004	0.036567587	0.034339998
1963-04-01	1.41	0.07	-0.27	1.3	-5.666041000000001	0.0	0.06768126	0.06768126	0.0	0.0	0.034040722999999995
1963-05-01	-1.09	-0.18	-1.26	0.6	-3.753533	0.02869291	0.06460622	0.06420829	0.00039793300000000005	0.0	0.032864098
1963-06-01	1.82	0.02	-0.6	-0.8	-8.590515	0.0	0.04251672	0.04251672	0.0	0.0	0.021010345
1963-07-01	0.41	0.6	-1.11	-0.2	-7.7025943	0.0	0.05273178	0.05273178	0.0	0.0	0.026198631
1963-08-01	-5.03	0.64	-1.01	0.0	-8.471814	0.0	0.04800109	0.04800109	0.0	0.0	0.023738185
1963-09-01	-1.59	0.67	1.08	-1.0	-7.0384706999999995	0.0	0.039684866	0.039684866	0.0	0.0	0.019791985
1963-10-01	2.05	0.68	0.34	-2.0	-6.827586999999999	0.0	0.065952934	0.065952934	0.0	0.0	0.032940492
1963-11-01	1.02	0.84	-0.5	-1.4	-2.5498943	0.14053912	0.03999087	0.038041774	0.0019490931	0.0	0.02048701
1963-12-01	-0.04	1.06	0.45	-2.0	-0.8534451999999999	4.212962999999999	0.038339112	-0.020089151	0.058428265	0.043978576	0.019836528
1964-01-01	-3.29	0.79	0.34	-0.6	-0.2713463	8.967719	0.07389117	-0.05047931	0.124370486	0.09210789	0.038367692
1964-02-01	-1.0	0.39	0.21	0.1	-0.3986874	8.413046000000001	0.05348143	-0.06319646	0.1166779	0.09366555	0.027747171
1964-03-01	-1.52	-0.22	-0.71	1.9	-1.8378278000000001	6.580638	0.034452513	-0.05681229	0.09126480000000001	0.07609379	0.017724628
1964-04-01	0.63	-0.76	-1.27	1.8	-5.168525	0.0	0.07881122	0.07881122	0.0	0.0	0.039756965
1964-05-01	2.38	-0.99	-2.39	0.4	-5.295122	0.0	0.04796776	0.04796776	0.0	0.0	0.02417917
1964-06-01	-4.14	-1.01	-0.86	1.2	-9.016479499999999	0.0	0.034188326	0.034188326	0.0	0.0	0.016849621999999998
1964-07-01	-6.15	-0.84	-1.08	0.9	-7.381039599999999	0.0	0.060365867000000004	0.060365867000000004	0.0	0.0	0.030053852000000002
1964-08-01	-2.26	-1.24	-1.6	2.5	-11.926641	0.0	0.06243926	0.06243926	0.0	0.0	0.030234177
1964-09-01	1.61	-1.41	-1.35	2.1	-5.0776987	0.17377277	0.05474734	0.052337337000000005	0.0024100002	0.0	0.02762689
1964-10-01	0.34	-1.31	-0.64	2.2	-2.3329546000000003	1.2466183000000002	0.07113960400000001	0.053850647	0.017288957	0.00643889	0.036485434
1964-11-01	-3.34	-1.37	-0.68	0.3	-2.1580963	0.26781657	0.045011483	0.041297223	0.0037142640999999997	9.205547399999999e-05	0.023110962999999998
1964-12-01	-1.49	-1.34	-0.62	-0.5	-1.2786902	1.0311202	0.012656896	-0.0016433848000000002	0.014300283	0.012195689	0.0065310965
1965-01-01	-0.46	-0.9	-0.95	-0.7	0.16613151	17.258848	0.022577787000000002	-0.21677977	0.23935758	0.22760455	0.011753008999999998
1965-02-01	-7.65	-0.55	-0.61	0.7	-0.42606056	7.248933999999999	0.020628108	-0.07990508	0.100533195	0.09173865	0.010700642
1965-03-01	-1.58	-0.29	-0.17	1.2	-0.30434429999999996	10.641733	0.018086948000000002	-0.12949993	0.14758687	0.13935019	0.0093859965
1965-04-01	-0.49	-0.33	-0.01	-0.9	-4.0906096	0.28994253	0.035687514	0.03166639	0.004021122	0.0	0.018117234
1965-05-01	-2.08	0.18	-0.66	0.3	-4.5920963	0.19044814	0.07321162	0.07057036	0.0026412657	0.0	0.037058517
1965-06-01	1.89	0.5	-0.76	-0.9	-5.894605	0.044773545	0.08922783	0.08860688	0.00062095025	0.0	0.044819072
1965-07-01	0.08	0.72	-0.74	-3.0	-8.168345	0.0	0.069635615	0.069635615	0.0	0.0	0.034502286
1965-08-01	0.08	1.14	0.32	-1.1	-7.494366	0.0	0.039971486	0.039971486	0.0	0.0	0.019884568000000002
1965-09-01	0.22	1.28	0.83	-2.2	-5.1743502999999995	0.09186004	0.08706926	0.08579528	0.001273978	0.0	0.043917738
1965-10-01	1.91	1.49	0.3	-1.5	-5.8336983	0.0	0.07653469	0.07653469	0.0	0.0	0.038452663
1965-11-01	1.71	1.49	0.47	-2.4	-2.587416	0.15522304	0.047667705	0.045514955999999995	0.00215274	0.0	0.024409771
1965-12-01	-1.48	1.39	0.25	0.3	-1.7499124	0.8968434999999999	0.034832668	0.022394622000000003	0.012438042	0.0045742136	0.017930613999999997
1966-01-01	0.59	1.12	-0.67	-2.2	0.047302755999999994	12.357007000000001	0.013575967	-0.15779948	0.17137545	0.16545887	0.007061699
1966-02-01	-2.94	0.81	-0.43	-0.4	-1.3874292	3.4640013999999995	0.018299658	-0.029741492	0.04804115	0.041021872	0.009439733
1966-03-01	-2.81	0.98	-1.0	-1.5	-1.4906659	4.856990000000001	0.03379208	-0.03356799	0.067360066	0.05319703	0.017419938
1966-04-01	-0.49	0.45	-0.37	-0.3	-3.3333023	0.12175591	0.044273373	0.042584777000000004	0.0016885945999999998	0.0	0.02257493
1966-05-01	-1.66	-0.26	-0.76	-0.7	-4.8700547	0.041338544	0.06281542	0.06224211	0.00057331123	0.0	0.031747173999999996
1966-06-01	0.53	0.05	0.1	0.5	-8.471883	0.0	0.0464191	0.0464191	0.0	0.0	0.022956612
1966-07-01	-1.65	0.15	0.01	0.1	-9.010997	0.0	0.050398074	0.050398074	0.0	0.0	0.02484232
1966-08-01	3.66	-0.35	-0.29	1.1	-6.418039	0.0	0.05033566	0.05033566	0.0	0.0	0.025201082000000003
1966-09-01	0.43	-0.45	-0.35	-0.4	-6.3825817	0.0	0.0552596	0.0552596	0.0	0.0	0.027672778999999998
1966-10-01	1.3	-0.45	-0.6	-0.2	-3.6605415	0.0	0.04411771	0.04411771	0.0	0.0	0.022451397
1966-11-01	-1.81	-0.4	-0.71	-0.0	-2.9197443	0.05468111	0.038017977	0.03725962	0.0007583552499999999	0.0	0.019431079
1966-12-01	-0.67	-0.53	-0.21	-0.6	-1.3877176000000002	0.89666533	0.027164254	0.014728683000000001	0.01243557	0.0078861555	0.014009896
1967-01-01	-3.42	-0.67	-0.24	2.8	-0.16094466	10.445462	0.0041445047	-0.14072034	0.14486484	0.14275279999999999	0.0021516632
1967-02-01	-4.22	-0.63	-0.25	2.8	-0.58719206	8.2428875	0.027641922000000003	-0.0866761	0.11431801	0.101378866	0.014324066000000002
1967-03-01	1.09	-0.73	-0.8	2.0	-0.7448819000000001	6.1419809999999995	0.040896647	-0.044284567000000004	0.085181214	0.06830205	0.021172516000000002
1967-04-01	-0.11	-0.97	-1.13	-0.1	-2.8326318	0.0047472576	0.079945445	0.07987961	6.5838234e-05	0.0	0.040889964
1967-05-01	-0.39	-0.46	-1.54	-0.0	-7.2314495999999995	0.0	0.064250186	0.064250186	0.0	0.0	0.03201645
1967-06-01	2.62	-0.12	-1.2	1.1	-6.844050999999999	0.0	0.0631197	0.0631197	0.0	0.0	0.031524718
1967-07-01	1.22	-0.21	-1.21	0.3	-6.577916	0.0	0.055270478	0.055270478	0.0	0.0	0.027646972000000002
1967-08-01	1.01	-0.4	-1.55	1.2	-6.262007700000001	0.0	0.051725537	0.051725537	0.0	0.0	0.025921499999999997
1967-09-01	1.21	-0.87	-0.6	0.8	-5.8228946	0.10042341	0.049383417	0.047990675999999996	0.0013927409	0.0	0.024810342000000003
1967-10-01	0.64	-0.7	-0.06	0.1	-4.2387084999999995	0.0	0.03858696	0.03858696	0.0	0.0	0.019568743
1967-11-01	-2.17	-0.55	0.36	-0.7	-3.09295	0.066379994	0.08728128	0.08636068599999999	0.0009206033	0.0	0.044573694000000004
1967-12-01	-0.48	-0.61	-0.68	-0.9	-1.4100285	0.20187165	0.03452942	0.031729728	0.002799695	1.7057282e-05	0.017807346
1968-01-01	-0.07	-0.86	-0.65	0.9	0.07488378	14.108479999999998	0.015124105	-0.18054198	0.19566609	0.18779914	0.007866961
1968-02-01	-1.82	-1.06	-0.19	2.1	-0.41680659999999997	7.9510803	0.02758104	-0.08269001	0.110271044	0.0963289	0.014307159
1968-03-01	-0.9	-0.9	0.08	0.2	-1.2245603	2.3042674	0.030109588	-0.0018475734	0.031957163999999996	0.021268727	0.015546016999999999
1968-04-01	-2.72	-0.61	-0.69	0.0	-2.837087	1.1501046	0.023812829	0.007862389000000001	0.015950441	0.008402351	0.01217629
1968-05-01	-2.23	-0.62	-0.79	2.1	-3.961415	0.16138405	0.047275792999999997	0.045037612000000005	0.002238185	0.0	0.024019612000000003
1968-06-01	-0.13	0.29	0.14	1.8	-5.946212999999999	0.0	0.07426005	0.07426005	0.0	0.0	0.037286516
1968-07-01	1.6	0.4	0.44	1.1	-4.9540586	0.0660954	0.087168895	0.08625224	0.00091665634	0.0	0.044030365
1968-08-01	0.25	0.18	-0.01	0.4	-6.844442999999999	0.0	0.07511709	0.07511709	0.0	0.0	0.03751113
1968-09-01	-0.36	-0.0	0.26	-0.4	-5.2519813	0.22436239	0.049451374000000006	0.046339757999999995	0.003111612	0.0	0.024928138
1968-10-01	-3.15	0.08	-0.18	-0.1	-3.5494506	0.42653850000000004	0.06558357	0.05966804	0.0059155295999999994	0.0	0.033399105
1968-11-01	-3.36	0.58	0.03	-0.6	-2.4720744999999997	0.0	0.07281496400000001	0.07281496400000001	0.0	0.0	0.037316713
1968-12-01	-0.51	0.71	-0.29	0.3	-1.3209003000000001	0.758892	0.026248116000000002	0.01572328	0.010524835	0.005422481999999999	0.013545652
1969-01-01	-4.13	0.94	-0.71	-2.4	-0.39539337	5.8315187	0.019663278	-0.06121223	0.08087551	0.072856635	0.010199886
1969-02-01	-3.14	1.12	-1.22	-0.9	0.12089153	13.725441	0.023600016	-0.16675383	0.19035386	0.17815155	0.012281781
1969-03-01	-0.96	0.59	-1.21	0.7	-1.9376674999999999	1.1582713	0.041711047	0.025647346	0.016063701	0.007826332	0.021444606
1969-04-01	-2.36	0.42	-1.07	-0.6	-3.2950127	0.18605573	0.07417657	0.07159622	0.0025803489	0.0	0.037837199999999994
1969-05-01	1.39	0.48	-1.06	-0.4	-4.970794000000001	0.0	0.054607403	0.054607403	0.0	0.0	0.027579523999999998
1969-06-01	-0.88	0.1	0.84	0.3	-8.924186	0.0	0.06989669	0.06989669	0.0	0.0	0.03447134
1969-07-01	1.81	-0.1	-0.37	-0.8	-7.816968400000001	0.23427635	0.03168509	0.02843599	0.0032491053	3.0380912e-05	0.015731467
1969-08-01	2.1	0.18	-0.92	-0.2	-6.7935867	0.0	0.058859453	0.058859453	0.0	0.0	0.029404901
1969-09-01	0.58	0.42	-1.07	-1.6	-4.125808999999999	0.0	0.06198527	0.06198527	0.0	0.0	0.031459454
1969-10-01	-0.35	0.67	0.95	-1.5	-5.7094955	0.0	0.06932361	0.06932361	0.0	0.0	0.034857217
1969-11-01	1.52	0.48	0.58	-0.1	-2.7301824	0.3303478	0.0574474	0.052865904000000005	0.00458149	0.0	0.029395817
1969-12-01	-0.41	0.41	1.13	0.7	-0.96903586	2.0561218	0.027141843	-0.0013738648	0.02851571	0.019113703	0.014032781000000001
1970-01-01	0.76	0.27	1.06	-1.9	-0.09825211	9.113934500000001	0.006069906999999999	-0.120328404	0.12639831	0.12406771	0.0031528664
1970-02-01	1.27	0.21	1.01	-1.7	-0.36541548	6.9958919999999996	0.022616755	-0.07440708	0.09702383	0.08719985	0.011734485
1970-03-01	-2.26	-0.1	1.2	1.0	-1.2981951	4.399445	0.032582905	-0.028431624	0.06101453	0.04675117	0.016816495
1970-04-01	-1.57	0.03	0.31	-0.1	-3.6627016	1.3023441	0.06828604	0.050224237000000005	0.018061802	0.0024298814	0.034758866
1970-05-01	0.24	-0.18	-0.89	0.6	-5.895362400000001	0.0	0.03731616	0.03731616	0.0	0.0	0.018742682
1970-06-01	0.72	-0.55	-0.12	1.6	-6.6313887000000005	0.0	0.04545932	0.04545932	0.0	0.0	0.0227332
1970-07-01	-1.22	-0.97	-0.92	-0.6	-4.880118	0.030465769	0.080614716	0.0801922	0.0004225202	0.0	0.040737517
1970-08-01	1.63	-1.24	-1.79	1.0	-6.5627949999999995	0.10682785	0.036556665	0.035075106	0.001481562	0.0	0.018287016
1970-09-01	-2.02	-1.08	-1.68	1.9	-2.6653533	0.07008752	0.0717956	0.07082357	0.0009720219	0.0	0.036751512
1970-10-01	-2.19	-1.08	-1.2	1.7	-2.7106817000000003	0.16633144	0.04011755	0.037810758	0.0023067987	0.0	0.020530518
1970-11-01	0.45	-1.05	-0.92	2.6	-1.7886646000000002	0.24685314	0.038230076	0.034806546	0.0034235290000000002	0.0	0.019667495
1970-12-01	-0.72	-1.29	-0.91	3.2	-1.2182158	0.19965379999999996	0.026384302999999998	0.023615366000000002	0.0027689359999999996	0.00036807466	0.013621313000000001
1971-01-01	-0.36	-1.74	-1.34	0.6	-0.09667452	9.120382000000001	0.027932186	-0.09855554	0.12648773	0.11460584	0.014515351999999999
1971-02-01	0.16	-1.56	-1.45	3.3	-0.23397614	9.146230000000001	0.018847592	-0.10799860000000001	0.12684621	0.1174932	0.009787776
1971-03-01	2.02	-1.31	-1.55	3.8	-0.7800060000000001	8.388098	0.043828014000000005	-0.07250388	0.1163319	0.09720517	0.022685782999999998
1971-04-01	-1.24	-1.07	-1.7	2.8	-2.7080967	0.5120935000000001	0.0549528	0.04785073	0.007102064	0.0008228875	0.028127495
1971-05-01	-2.48	-0.86	-1.75	1.4	-6.607603500000001	0.0	0.045057885	0.045057885	0.0	0.0	0.022536699
1971-06-01	1.31	-0.99	-1.86	0.7	-4.1678714999999995	0.049054522	0.04350761	0.042827286	0.00068032177	0.0	0.02207694
1971-07-01	0.68	-1.05	-2.25	0.4	-7.559512	0.0	0.04425716	0.04425716	0.0	0.0	0.022006783999999998
1971-08-01	-0.78	-1.08	-0.32	2.5	-6.499183	0.0	0.09579093	0.09579093	0.0	0.0	0.047942445
1971-09-01	-1.83	-1.01	-0.17	2.3	-4.821923	0.0	0.05853898	0.05853898	0.0	0.0	0.029588892999999998
1971-10-01	-2.23	-1.2	-0.35	2.8	-3.1600392000000004	0.03748978	0.043646447000000005	0.043126512	0.000519934	0.0	0.022275222
1971-11-01	-0.5	-1.07	-1.28	0.9	-1.9960386000000003	0.14474133	0.047429177999999995	0.045421805	0.0020073720000000003	0.0	0.024372684
1971-12-01	-1.57	-1.19	-1.77	0.4	-1.423713	0.083246276	0.017063616	0.015909100000000002	0.0011545165	7.615236e-05	0.008798142
1972-01-01	-1.44	-0.93	-2.12	0.8	0.066492766	12.51736	0.02068327	-0.15291609	0.17359935	0.16478547	0.010757329
1972-02-01	-0.36	-0.44	-1.95	1.8	0.042508613	14.314201999999998	0.022552695	-0.1759665	0.1985192	0.18679132	0.011727866000000002
1972-03-01	-2.05	-0.15	-1.53	1.1	-0.6317587	7.755648599999999	0.051299892	-0.05626077	0.107560664	0.08503559	0.026579252999999997
1972-04-01	-2.94	0.18	-1.7	-0.2	-2.2714223999999996	3.7821242999999996	0.08116322	0.028710127000000002	0.052453097000000004	0.025171212999999998	0.04165168
1972-05-01	-0.09	0.5	-2.16	-2.6	-4.1555915	0.3586674	0.058917899999999995	0.05394365	0.004974246	0.0	0.029901125
1972-06-01	0.42	0.59	-1.84	-0.9	-7.4951525	0.0	0.05038186	0.05038186	0.0	0.0	0.025063692000000002
1972-07-01	-1.24	0.96	-1.48	-2.4	-7.141696499999999	0.0	0.044728625999999994	0.044728625999999994	0.0	0.0	0.022298882000000003
1972-08-01	-1.89	1.11	-0.11	-0.8	-8.503536	0.0	0.049183026	0.049183026	0.0	0.0	0.024320165
1972-09-01	-0.91	1.22	-0.2	-2.2	-4.6701117	0.010989167	0.056708507000000005	0.056556102000000004	0.00015240531999999998	0.0	0.028686795
1972-10-01	-1.48	1.59	-0.22	-1.5	-3.7996824	0.0	0.024419319	0.024419319	0.0	0.0	0.0124187805
1972-11-01	1.39	1.98	-0.05	-0.6	-2.236683	0.053124007	0.039138578	0.038401816	0.0007367602	0.0	0.020083627
1972-12-01	-1.38	2.13	-0.37	-2.1	-0.49871099999999996	4.7674603	0.041696828	-0.02442159	0.06611841	0.050700076	0.021614862999999998
1973-01-01	-0.94	1.79	-0.15	-0.5	-0.22938083	8.382043	0.012659785	-0.10358815	0.11624793	0.11106101	0.0065708730000000005
1973-02-01	1.39	1.21	-0.55	-2.3	0.31751707	17.724413000000002	0.03228543	-0.21352887	0.24581431	0.22899774	0.016816586
1973-03-01	2.16	0.32	-0.88	1.2	-0.040365662000000004	19.443048	0.026043074	-0.24360648	0.26964957	0.25611234	0.013537226999999999
1973-04-01	0.36	-0.47	-1.35	0.1	-2.2084072	2.878652	0.0642551	0.024331982999999998	0.039923124	0.02011842	0.03298175
1973-05-01	-1.94	-0.85	-1.59	0.7	-4.271248	0.0	0.11105588	0.11105588	0.0	0.0	0.056326255
1973-06-01	-0.12	-1.04	-1.44	1.8	-7.819497599999999	0.0	0.06122178	0.06122178	0.0	0.0	0.030397482000000003
1973-07-01	2.57	-1.42	-1.4	1.0	-7.706499000000001	0.0015677519000000001	0.021187747000000003	0.021166004	2.174266e-05	0.0	0.010524572
1973-08-01	1.98	-1.61	-1.56	2.1	-6.347595	0.0	0.07844724	0.07844724	0.0	0.0	0.039293017
1973-09-01	-1.15	-1.66	-1.05	2.0	-5.024741000000001	0.12629877	0.0771379	0.0753863	0.0017515981	0.0	0.038946856
1973-10-01	-1.28	-1.94	-1.36	1.3	-2.5390792	0.052023955	0.04490981	0.044188306	0.0007215039	0.0	0.02300344
1973-11-01	-0.54	-2.3	-1.42	4.3	-1.8473076000000002	0.18130352	0.03426509	0.03175065	0.0025144415	0.0	0.017627185
1973-12-01	2.17	-2.23	-0.89	3.0	-0.43450812	7.1736059999999995	0.024467843	-0.07502065	0.09948849	0.089187406	0.01268923
1974-01-01	1.18	-2.09	-0.86	4.0	0.6125581	24.746279	0.013698921999999999	-0.32949948	0.3431984	0.33605078	0.007147638
1974-02-01	1.82	-1.65	-1.38	3.4	1.5174698999999998	43.360847	0.022225197000000002	-0.5791328	0.601358	0.5896996999999999	0.011658333
1974-03-01	2.81	-1.4	-1.21	4.0	0.73159814	29.268984000000003	0.017205002	-0.38871738	0.40592238	0.39694009999999996	0.008982266
1974-04-01	0.05	-1.25	-0.62	1.6	-2.3674798	1.2897246999999998	0.07032073	0.052433945	0.017886788	0.0047252206	0.036064185
1974-05-01	0.42	-1.17	-0.72	1.6	-4.532985	0.06468307	0.059355654	0.05845858	0.0008970692999999999	0.0	0.030055158
1974-06-01	0.08	-1.06	-0.37	0.7	-8.159834	0.12488289999999999	0.040622875	0.038890913	0.0017319618	0.0	0.020129196000000002
1974-07-01	-1.22	-0.78	0.02	1.9	-6.5060496	0.15698951	0.068201564	0.066024326	0.0021772385	0.0	0.034134764
1974-08-01	-4.02	-0.5	-0.27	1.3	-8.064031	0.007182986	0.05920499	0.05910537	9.961858399999999e-05	0.0	0.029351579
1974-09-01	1.84	-0.65	0.71	1.8	-7.1278205	0.24784957	0.06603779	0.06260044	0.0034373482	0.0	0.032923486
1974-10-01	-1.33	-0.9	0.19	1.5	-2.3811662	0.011957923	0.09630356	0.096137725	0.00016584067	0.0	0.04938062
1974-11-01	-2.24	-1.02	0.61	-0.2	-1.9755955000000003	0.12914684	0.040004864	0.038213767	0.0017910971	0.0	0.02056324
1974-12-01	-2.37	-0.94	0.27	0.3	-0.26572618	7.046507000000001	0.025133878	-0.07259191599999999	0.09772579	0.08749925	0.013047676000000001
1975-01-01	-1.68	-0.46	-0.65	-0.8	0.30550987	16.705502	0.030441001000000002	-0.20124236	0.23168337	0.21808597	0.015856765
1975-02-01	-1.22	-0.67	-0.93	1.3	0.06421911	15.770031	0.019575236	-0.19913438	0.21870963	0.20852461	0.010185023
1975-03-01	-1.23	-1.05	-1.07	2.6	-0.35658985	12.3656435	0.05387203	-0.117623195	0.17149524	0.14664263	0.027950581000000002
1975-04-01	0.56	-0.85	-1.79	1.9	-2.1481984	2.8095448	0.054618686	0.015653988	0.0389647	0.021622232999999998	0.028044457000000002
1975-05-01	-3.33	-1.01	-2.08	1.1	-5.9848547	0.14462776	0.07512735599999999	0.073121555	0.002005797	0.0	0.037715927
1975-06-01	-0.35	-1.36	-1.61	2.1	-10.34614	0.0	0.03409816	0.03409816	0.0	0.0	0.016677385
1975-07-01	-2.42	-1.28	-0.84	3.1	-13.067451	0.0	0.052081037000000004	0.052081037000000004	0.0	0.0	0.02504043
1975-08-01	-0.16	-1.5	-1.56	3.3	-10.800449	0.0	0.044650648	0.044650648	0.0	0.0	0.021770962
1975-09-01	1.23	-1.67	-1.6	3.4	-7.0785054999999995	0.0	0.060954254000000006	0.060954254000000006	0.0	0.0	0.030397726
1975-10-01	0.59	-1.79	-1.59	2.8	-2.827468	0.4061627	0.058349077	0.052716132	0.005632943499999999	4.6965775e-05	0.029839205
1975-11-01	0.11	-1.58	-1.73	1.9	-2.4429467000000002	0.012724411000000001	0.04661324	0.046436767999999996	0.00017647086	0.0	0.023890052000000002
1975-12-01	0.35	-1.89	-1.49	3.5	-0.84237546	5.3550663	0.037328605	-0.03693913	0.07426774	0.057630505	0.019313328
1976-01-01	-1.17	-2.01	-1.08	2.3	-0.34556115	6.611553	0.015535421	-0.076158136	0.091693565	0.08537128599999999	0.008061183000000001
1976-02-01	1.02	-1.25	-1.01	2.8	0.39728865	22.475628	0.019799603	-0.29190788	0.31170747	0.30138782	0.010319645
1976-03-01	-0.1	-0.78	-1.31	2.9	-0.46049145	10.763434	0.025635242000000003	-0.12363945	0.14927469	0.1367545	0.013294435
1976-04-01	1.56	-0.82	-1.38	0.5	-0.56141067	9.987034	0.03897047	-0.09953656	0.13850704	0.12156868	0.02019466
1976-05-01	1.75	-0.61	-1.23	0.6	-3.6062093	0.30843833	0.06927108	0.06499343	0.0042776344	0.0	0.035262246000000004
1976-06-01	-0.01	-0.24	-1.26	0.4	-4.646069000000001	0.0	0.033943936	0.033943936	0.0	0.0	0.017174419
1976-07-01	0.6	-0.05	0.28	-1.4	-15.303815	0.0	0.059640463	0.059640463	0.0	0.0	0.028274836
1976-08-01	0.3	0.14	0.97	-1.3	-10.888885	0.0	0.046246565999999996	0.046246565999999996	0.0	0.0	0.022532362
1976-09-01	1.67	0.29	0.58	-1.9	-6.0348463	0.0	0.062786005	0.062786005	0.0	0.0	0.031507686
1976-10-01	1.19	0.79	1.12	0.7	-3.712717	0.0	0.059695482	0.059695482	0.0	0.0	0.030364625
1976-11-01	-2.88	0.79	1.33	1.2	-1.7146945	0.6503033	0.046081144000000004	0.03706229	0.009018853	0.002853574	0.02371947
1976-12-01	-5.07	0.53	1.2	-0.6	-1.2271831	0.43395996	0.05723533	0.051216878	0.006018455	0.00051297096	0.029550655
1977-01-01	-3.22	0.77	1.24	-0.7	-0.19163784	10.608977000000001	0.03462417	-0.11250841	0.14713258	0.13154617	0.017981933000000002
1977-02-01	0.04	0.38	1.51	2.0	-0.07301705	11.783923	0.02157434	-0.1418532	0.16342755	0.15308370000000002	0.011209249499999999
1977-03-01	-1.17	0.24	0.62	-0.9	-0.86150485	9.154148	0.027843677999999997	-0.09911233	0.12695602	0.11347721	0.014403738000000001
1977-04-01	-1.36	-0.27	-0.25	-0.7	-1.1865166	5.282211	0.051805597	-0.021451736000000002	0.07325733	0.05182683	0.026751006
1977-05-01	-0.77	-0.09	-0.47	-0.8	-4.1688843	0.11398599	0.09484060000000001	0.09325977	0.0015808359	0.0	0.048127234000000005
1977-06-01	-2.09	0.15	0.03	-1.5	-7.7367797000000005	0.0	0.048848275	0.048848275	0.0	0.0	0.024264585
1977-07-01	-1.82	0.2	-0.06	-1.9	-12.352973	0.0	0.023772256000000002	0.023772256000000002	0.0	0.0	0.011476763000000001
1977-08-01	-0.41	0.01	-0.09	-1.3	-7.1695232	0.0	0.053347255999999996	0.053347255999999996	0.0	0.0	0.026588478999999998
1977-09-01	2.69	0.39	-0.64	-1.3	-6.6215196	0.0	0.07332901	0.07332901	0.0	0.0	0.03666824
1977-10-01	0.21	0.67	-0.84	-1.7	-4.463483999999999	0.0	0.046821095	0.046821095	0.0	0.0	0.023711244
1977-11-01	-0.2	0.56	-0.45	-2.1	-2.005199	0.30844328	0.032286465	0.028008763	0.0042777034	0.00094828475	0.016593672
1977-12-01	-0.95	0.73	-0.06	-1.7	-0.63355935	6.0932555	0.01399464	-0.07051081	0.084505446	0.07861041	0.0072496836
1978-01-01	1.5	0.61	0.58	-0.5	0.08741604	13.914595000000002	0.01849574	-0.17448139999999998	0.19297715	0.18338956	0.009620859
1978-02-01	-0.24	0.26	0.78	-4.4	0.28914502	16.941675	0.012432638999999999	-0.22252615	0.23495878	0.22848608	0.0064727063
1978-03-01	-0.99	-0.15	1.13	-0.3	-0.9236260000000001	7.802338000000001	0.036896992	-0.07131119	0.10820818	0.08938703	0.019083142
1978-04-01	0.64	-0.59	1.03	-0.5	-2.2147354999999997	1.4825503999999998	0.024523916	0.00396289	0.020561026	0.014514682	0.01258614
1978-05-01	-0.91	-0.61	0.77	2.2	-1.8369566000000002	1.1157851	0.014159929	-0.0013145448999999998	0.015474475	0.012119648	0.007281821700000001
1978-06-01	0.83	-0.57	0.33	1.1	-4.296958	0.11937909	0.10874803	0.1070924	0.0016556310999999999	0.0	0.055142302000000004
1978-07-01	-2.13	-0.44	-1.62	0.9	-13.540647	0.0	0.020933311	0.020933311	0.0	0.0	0.010034332
1978-08-01	2.94	-0.77	-0.91	0.7	-10.098206	0.0	0.06220786	0.06220786	0.0	0.0	0.030459704
1978-09-01	1.19	-0.72	-0.78	0.1	-4.7282686	9.935954999999999e-05	0.04906258	0.049061205	1.3779866e-06	0.0	0.024807902000000003
1978-10-01	0.68	-0.42	0.07	-0.6	-3.126275	0.0	0.054335978	0.054335978	0.0	0.0	0.027737956
1978-11-01	-0.96	-0.3	-0.01	-0.0	-2.7939147999999996	0.04591902	0.021186236	0.020549400000000002	0.0006368365000000001	0.0	0.010835817
1978-12-01	-0.01	-0.02	-0.51	-0.1	-0.65488875	6.147989	0.06671891	-0.018545613	0.08526453	0.059445947	0.03456053
1979-01-01	0.74	-0.14	-0.38	-0.7	0.32040219999999997	19.142908	0.016782733	-0.24870428	0.26548702	0.2567446	0.008742405
1979-02-01	-0.9	-0.21	-1.29	1.6	0.27475622	17.921265	0.024709439	-0.22383498	0.24854441	0.23567481	0.012869598999999999
1979-03-01	1.51	0.03	-0.68	0.2	-0.18972184	14.865737	0.029998435	-0.17616981	0.20616826	0.19092977	0.015582135
1979-04-01	-0.49	0.13	-0.12	-0.2	-0.9884605	8.807781	0.07713432	-0.04501804	0.12215236	0.091126926	0.03987378
1979-05-01	1.54	-0.12	0.57	0.8	-3.7269442	0.23879579	0.041072007	0.037760224	0.0033117838	0.0	0.020895382
1979-06-01	2.52	-0.16	0.22	1.1	-5.2224636	0.0	0.06018491	0.06018491	0.0	0.0	0.030351382000000003
1979-07-01	3.14	-0.36	0.3	2.2	-4.241426000000001	0.09384013	0.08627394	0.0849725	0.0013014394999999999	0.0	0.04376218
1979-08-01	1.39	-0.08	0.05	-0.3	-6.0539904	0.06982279599999999	0.053024493	0.05205614	0.0009683505	0.0	0.026604957999999998
1979-09-01	-0.02	0.27	0.88	0.2	-3.9385027999999997	0.03970337	0.061763085	0.06121245	0.0005506336	0.0	0.031380214
1979-10-01	0.54	0.16	1.1	-0.2	-3.2158186	0.0	0.06493385	0.06493385	0.0	0.0	0.033130437
1979-11-01	-1.26	0.36	0.58	-0.7	-2.3021722000000002	0.23981494	0.04765140599999999	0.04432549	0.0033259179999999998	8.043595e-07	0.024449475
1979-12-01	-1.88	0.55	0.06	-1.2	-0.63024205	6.401333999999999	0.02526469	-0.063513406	0.08877809	0.07816165	0.01308823
1980-01-01	0.01	0.53	0.06	0.7	0.023256312999999997	13.213083	0.015119493000000001	-0.16812861	0.1832481	0.17538519	0.007862916999999999
1980-02-01	-1.75	0.23	0.58	0.5	0.13531828	17.440819	0.031345632000000005	-0.21053563	0.24188127	0.22556949	0.016311755
1980-03-01	-2.58	0.08	0.62	-0.7	-1.5142022	4.8518195	0.03354398	-0.033744384	0.06728837	0.054555703	0.017290529
1980-04-01	-1.77	0.04	0.78	-1.0	-5.72639	0.0	0.056426052000000004	0.056426052000000004	0.0	0.0	0.028372005
1980-05-01	-0.51	0.2	0.64	-0.0	-4.425408999999999	0.5206817	0.070940435	0.063719265	0.007221171	0.0	0.03594668
1980-06-01	3.19	0.35	-0.72	-0.0	-7.368503	0.0	0.06457812	0.06457812	0.0	0.0	0.032151822000000004
1980-07-01	-1.68	0.05	-0.21	-0.1	-12.134539	0.0	0.06023623	0.06023623	0.0	0.0	0.029130232000000002
1980-08-01	-1.68	-0.36	0.08	0.6	-10.597633	0.0	0.050982862999999996	0.050982862999999996	0.0	0.0	0.024890035
1980-09-01	-2.56	-0.29	-0.13	-0.8	-7.048336999999999	0.0	0.07790725	0.07790725	0.0	0.0	0.038859785
1980-10-01	0.45	-0.21	0.99	0.0	-4.0040274	0.2515358	0.05814414	0.054655675	0.0034884713	0.0	0.029529179
1980-11-01	-2.09	-0.03	0.71	-0.6	-3.1066966000000003	0.0	0.0816125	0.0816125	0.0	0.0	0.041672677000000005
1980-12-01	-0.1	0.08	0.3	-0.1	-0.6234272	5.657936	0.012121067	-0.06634708	0.078468144	0.07378313	0.0062777119999999995
1981-01-01	0.84	-0.37	1.18	0.6	-0.16833778	9.7459755	0.035480127	-0.09968376	0.13516389	0.11835502	0.018437682
1981-02-01	1.76	-0.63	1.24	-0.3	0.19850312	17.411053	0.014188329	-0.22728011	0.24146841	0.23408304	0.007385384300000001
1981-03-01	-2.47	-0.59	1.22	-2.1	-1.0142862	7.900079300000001	0.032720268	-0.07684345	0.10956371599999999	0.09357175	0.016913136000000002
1981-04-01	-3.52	-0.42	1.07	-0.2	-1.5696051000000002	5.2372464999999995	0.07017069	-0.0024630441	0.07263373599999999	0.044328187000000005	0.036153823
1981-05-01	0.88	-0.45	1.29	1.3	-4.6410160000000005	0.33332290000000003	0.06605791	0.061435163	0.0046227514	0.0	0.033427645
1981-06-01	0.38	-0.32	1.82	2.0	-4.5008607000000005	0.43403733	0.031325646	0.025306119	0.0060195280000000006	0.0011933803	0.015862071999999998
1981-07-01	-1.43	-0.53	0.82	1.4	-4.721855000000001	0.33885655	0.054354735	0.049655236	0.004699495	0.0	0.027491437
1981-08-01	-1.99	-0.51	-0.05	1.2	-9.729775	0.008210648000000001	0.06582127	0.06570741	0.00011387090500000001	0.0	0.03230414
1981-09-01	-1.49	-0.2	0.43	0.5	-5.633257	0.02309471	0.04393238	0.043612085	0.0003202933	0.0	0.022097815
1981-10-01	-0.39	-0.25	-0.09	-0.6	-4.9175663	0.4712432	0.060998563	0.054463044	0.0065355245	0.0	0.030815454
1981-11-01	2.34	-0.33	0.54	0.3	-2.0847268	2.7099175	0.057173185	0.01959018	0.037582997	0.021199007000000002	0.029366443
1981-12-01	2.21	-0.16	0.59	0.8	-0.576919	6.041556	0.047456215999999996	-0.03633223	0.08378845	0.06327884	0.024594567999999997
1982-01-01	-0.77	0.12	0.11	2.0	0.8194933000000001	29.503859000000002	0.008904381	-0.40027538	0.4091798	0.4045282	0.0046515856
1982-02-01	0.7	-0.16	-0.19	0.4	0.60041314	24.141432000000002	0.016924499	-0.31788552	0.33480996	0.3259802	0.008829787
1982-03-01	4.28	0.18	-0.37	1.0	-0.0758143	20.037163	0.042854574000000006	-0.23503457	0.27788913	0.25561616	0.022272982
1982-04-01	2.89	0.32	-0.7	0.1	-0.61718476	11.20935	0.055196363	-0.10026260000000001	0.15545896	0.12944762	0.028596545
1982-05-01	-0.7	0.57	-1.21	-0.6	-1.5768142	1.9926566000000003	0.06904407	0.04140854	0.02763553	0.011133202	0.03557611
1982-06-01	2.4	0.67	-0.99	-1.7	-3.2613838	0.21748458	0.03511053	0.032094304	0.0030162254999999997	0.0	0.017907402
1982-07-01	0.01	0.48	0.12	-2.5	-6.9797106	0.0	0.06602008	0.06602008	0.0	0.0	0.0329418
1982-08-01	1.0	0.75	-0.08	-2.9	-5.5838103	0.045239117	0.03793362	0.037306216	0.00062740716	0.0	0.019085882
1982-09-01	1.56	1.48	0.51	-2.9	-4.8482113	0.0	0.060031287	0.060031287	0.0	0.0	0.030339417999999996
1982-10-01	-2.14	2.03	0.15	-2.8	-4.1230917	0.0	0.071598925	0.071598925	0.0	0.0	0.036342215
1982-11-01	-2.32	1.99	-0.6	-4.3	-2.916747	0.10060084	0.03463961	0.03324441	0.0013952015	0.0	0.01770338
1982-12-01	-2.21	2.24	0.16	-3.7	-0.5514576	4.654162	0.04901744	-0.015529678	0.064547114	0.047086395	0.025409749
1983-01-01	-2.44	2.34	0.4	-5.8	0.05681109	13.4334755	0.026234217	-0.16007045	0.18630467	0.17369922	0.013648879
1983-02-01	0.89	1.95	0.97	-6.0	-0.07360694599999999	11.0060835	0.012869348999999999	-0.13977057	0.15263993	0.14636904	0.0066896277
1983-03-01	-0.71	1.43	1.73	-4.0	-0.49267498	8.2635355	0.06836948	-0.04623491	0.11460438	0.08298663	0.03545359
1983-04-01	-0.6	1.06	1.26	-1.5	-1.7362081999999999	2.0410511000000002	0.031815812	0.0035091143	0.028306697999999998	0.018190306	0.01637811
1983-05-01	-0.68	1.03	1.01	1.0	-3.8593472999999996	0.6339814	0.070142984	0.06135049	0.008792489	0.0	0.03566197
1983-06-01	0.38	0.68	1.9	0.1	-5.8400927000000005	0.43116015	0.03760123	0.0316216	0.0059796255	0.0005176354	0.018892225
1983-07-01	1.63	0.0	2.47	-1.0	-5.2677174	0.38064006	0.061134487	0.05585551	0.005278978	0.0	0.030820534
1983-08-01	0.09	-0.25	1.18	0.2	-3.0215645	0.57891136	0.052462135	0.044433393	0.00802874	0.00045476824999999996	0.02679654
1983-09-01	-0.72	-0.53	0.47	1.4	-3.6168617999999997	0.13327523	0.09290562	0.09105727	0.0018483523999999999	0.0	0.047299564
1983-10-01	2.05	-1.11	0.68	0.7	-2.9562682999999996	0.5548996999999999	0.052414928	0.044719197	0.0076957303	0.00077401364	0.026784351
1983-11-01	3.79	-1.22	1.19	-0.2	-1.3999469	1.6762332999999998	0.05890793	0.035660777000000005	0.023247156	0.008161038	0.030379195
1983-12-01	1.52	-0.99	1.72	0.0	-0.40046513	6.4486794000000005	0.021895177999999998	-0.067539535	0.08943471	0.08077302	0.011355576000000001
1984-01-01	-1.96	-0.68	1.42	0.3	-0.18654782	10.172848	0.050274625	-0.090809405	0.14108403	0.11634125599999999	0.02611192
1984-02-01	-1.74	-0.18	1.23	1.4	0.28574196	22.17099	0.024187047000000003	-0.28329542	0.30748248	0.29488605	0.012596422
1984-03-01	-0.38	-0.47	1.56	-0.4	-0.43818483	14.841095999999999	0.017861638	-0.18796486	0.20582652	0.19658299	0.009264875
1984-04-01	-0.23	-0.57	1.0	0.6	-2.9874928	6.796953	0.07075353	-0.023511285	0.094264805	0.06486152	0.036153484
1984-05-01	-0.33	-0.61	0.87	0.3	-7.758342999999999	0.049269564	0.056280468	0.05559716	0.0006833041599999999	0.0	0.027952837
1984-06-01	1.08	-0.76	-0.13	-0.6	-5.5703783	0.0	0.056354456	0.056354456	0.0	0.0	0.028359624
1984-07-01	-0.21	-0.39	-0.35	0.3	-4.853082	0.0021213265	0.034350235	0.034320816000000004	2.9420013e-05	0.0	0.017357476
1984-08-01	-2.33	-0.22	0.01	0.7	-4.6099896	0.021672447999999997	0.060212284000000005	0.059911717	0.0003005684	0.0	0.030470387999999998
1984-09-01	-0.16	-0.35	0.18	0.2	-2.095459	0.06549640000000001	0.054542362999999996	0.053634018	0.0009083491000000001	0.0	0.028008587999999997
1984-10-01	1.06	-0.63	0.43	-0.5	-3.8955832000000004	0.0	0.07046808	0.07046808	0.0	0.0	0.03581841
1984-11-01	0.34	-1.11	0.54	0.4	-1.7137991999999997	0.10732606	0.07681918	0.07533071	0.0014884714000000002	0.0	0.039545536
1984-12-01	-3.22	-1.31	0.48	-0.2	-0.3120575	9.14281	0.013091384	-0.113707386	0.12679878	0.1210346	0.006796539
1985-01-01	-2.38	-1.17	0.87	-0.5	0.67616457	29.511074	0.047734287	-0.36154553	0.40927985	0.3843583	0.02492156
1985-02-01	-0.02	-0.71	0.48	2.0	0.38603390000000004	18.78707	0.04273357	-0.21781841	0.260552	0.23827875	0.02227324
1985-03-01	-0.08	-0.74	-0.34	1.3	-1.713385	6.5975665999999995	0.05190152	-0.03959807	0.09149959	0.06675582	0.02672557
1985-04-01	0.95	-1.07	-0.52	1.9	-1.550864	7.7867665	0.07288017	-0.035112053	0.10799222	0.073768415	0.037555397000000004
1985-05-01	0.38	-0.91	-0.87	0.7	-5.197198	0.024529746	0.06361247	0.06327228	0.00034019534	0.0	0.03208376
1985-06-01	-2.49	-0.78	0.04	-0.6	-5.4276323	0.13390546	0.04058645	0.03872936	0.0018570926999999999	0.0	0.020442003
1985-07-01	2.64	-0.62	0.52	-0.2	-3.3700582999999997	0.07157153	0.07009826	0.069105655	0.0009926031	0.0	0.035733033
1985-08-01	1.26	-0.54	0.19	1.6	-3.767982	0.00012278002000000002	0.0763122	0.07631049	1.7027976e-06	0.0	0.038815953
1985-09-01	1.07	-0.71	0.13	0.0	-2.2640792999999997	0.11495049	0.12042879	0.118834585	0.0015942124	0.0	0.061800584000000006
1985-10-01	0.57	-0.44	0.14	-0.6	-2.6001315	0.33954850000000003	0.06033322	0.05562412	0.004709092	0.0	0.03089692
1985-11-01	2.28	-0.3	-0.65	-0.3	-1.5971868	0.12088439	0.047482725	0.04580621	0.0016765078	0.0	0.024457784
1985-12-01	1.9	-0.37	0.33	0.4	-0.5446406	4.773847	0.049740325999999994	-0.016466662	0.06620698400000001	0.04660576	0.025783045
1986-01-01	0.37	-0.67	1.04	1.6	0.05944385	12.852186999999999	0.055885088	-0.122357845	0.17824295	0.15255603	0.029075202
1986-02-01	-4.89	-0.7	1.47	-1.7	-0.014142436000000001	14.873768	0.028506228999999998	-0.17777342	0.20627962	0.19151625	0.014823536000000002
1986-03-01	-1.26	-0.37	1.68	0.8	-0.17087828	14.161010999999998	0.04923843	-0.14715620000000001	0.19639464	0.17142455	0.025579368999999998
1986-04-01	-0.57	-0.22	1.21	0.5	-2.725691	1.9409393	0.07936369	0.05244541	0.026918279	0.0071834666000000005	0.04062199
1986-05-01	-2.19	-0.41	0.85	-0.4	-6.7175875	0.0	0.062558696	0.062558696	0.0	0.0	0.031266015
1986-06-01	-0.95	-0.17	0.62	1.6	-6.936886299999999	0.0	0.094531395	0.094531395	0.0	0.0	0.04718674
1986-07-01	-0.02	-0.0	1.05	0.5	-7.4488826	0.21873510000000002	0.06634122	0.06330765	0.0030335685999999997	0.0	0.033012953
1986-08-01	1.68	0.34	-0.19	-0.6	-8.007480000000001	0.14738713	0.079381995	0.07733793	0.0020440659	0.0	0.03936774
1986-09-01	2.72	0.52	-0.03	-0.8	-6.4290166	0.11496894	0.060949515999999995	0.059355042999999996	0.0015944682999999998	0.0	0.03051323
1986-10-01	-0.38	0.85	1.0	1.1	-3.2723825	0.3880892	0.04138024	0.035997957000000004	0.005382288000000001	0.00068920385	0.021105971
1986-11-01	0.5	1.09	1.68	-2.0	-2.9475607999999998	0.033444427	0.051891714000000005	0.051427886	0.00046383028	0.0	0.026518375
1986-12-01	1.31	1.16	1.71	-2.4	-0.8530555000000001	4.6586547	0.03492815	-0.02968127	0.064609416	0.04953911	0.01806981
1987-01-01	-2.51	1.13	1.47	-1.1	-0.28005916	7.730554	0.025023732000000003	-0.0821889	0.10721263	0.096989885	0.012989964
1987-02-01	-2.49	1.14	1.46	-2.1	-0.21254586	8.2324095	0.03285867	-0.08131404	0.11417271	0.09977524	0.017062714
1987-03-01	-1.11	1.03	1.35	-2.1	-0.81726307	6.870972999999999	0.05721247	-0.038078897	0.09529137	0.07185134	0.029605815
1987-04-01	-0.17	0.68	1.38	-2.3	-3.6763915999999996	0.43201962	0.06824291	0.062251367	0.005991545	0.0	0.034730885
1987-05-01	-0.34	0.74	0.82	-2.1	-6.2569127	0.010928841000000002	0.085968815	0.08581725	0.00015156867	0.0	0.04308728
1987-06-01	0.18	1.06	0.05	-1.8	-8.112192	0.0	0.05188617	0.05188617	0.0	0.0	0.025715722000000003
1987-07-01	-0.26	1.41	1.38	-2.2	-13.951592000000002	0.0	0.048689055999999994	0.048689055999999994	0.0	0.0	0.023278845
1987-08-01	1.79	1.59	1.74	-1.5	-5.549657	0.30972573	0.043936237999999996	0.039640743	0.0042954893	0.0	0.022109507
1987-09-01	-0.72	1.64	1.44	-1.7	-6.987242	0.19014579999999998	0.058409203	0.055772126	0.0026370725	0.0	0.029142268
1987-10-01	0.78	1.28	0.68	-0.6	-3.3850381	0.062298442999999995	0.05889922400000001	0.05803523	0.00086399756	0.0	0.030021764
1987-11-01	1.77	1.15	0.93	-0.0	-1.2744715	1.1405171	0.06519413	0.049376655	0.015817475	0.005693479	0.03364499
1987-12-01	0.3	0.98	0.94	-0.8	-0.29066113	10.369921000000001	0.031143682000000002	-0.11267349	0.14381717	0.12901769999999999	0.016163075
1988-01-01	0.13	0.9	0.23	-0.2	-0.30923579999999995	7.1701894	0.016609106000000002	-0.08283201	0.0994411	0.09255953	0.008620659000000001
1988-02-01	0.12	0.29	0.47	-0.6	0.7749004	28.742943	0.0073846285	-0.39124227	0.39862686	0.39477167	0.0038551837
1988-03-01	-2.01	0.15	0.49	1.1	-0.7050911	17.647935999999998	0.03845727	-0.20629641	0.24475370000000002	0.22483736	0.019916335
1988-04-01	2.11	-0.33	0.34	0.2	-1.8196634999999999	3.5376339999999997	0.038179524	-0.01088281	0.049062334000000006	0.034983963	0.01964067
1988-05-01	-2.03	-1.13	0.37	1.5	-2.4437217999999996	0.50492823	0.037635293	0.030632602000000002	0.0070026913	0.0018373807	0.019291991
1988-06-01	-3.06	-1.6	0.21	0.1	-7.086376	0.0	0.12422378	0.12422378	0.0	0.0	0.061953343
1988-07-01	0.64	-1.62	-0.15	1.7	-5.128956	0.0	0.06637091	0.06637091	0.0	0.0	0.03348658
1988-08-01	-2.0	-1.17	-0.88	2.5	-9.296294	0.0	0.020060468	0.020060468	0.0	0.0	0.00987045
1988-09-01	-2.7	-1.01	-0.98	3.0	-4.2334695	0.0	0.08892332	0.08892332	0.0	0.0	0.04510634
1988-10-01	-6.03	-1.85	-0.36	2.3	-3.943162	0.32555159999999994	0.04468166	0.040166687	0.004514972700000001	0.0	0.022705385
1988-11-01	1.77	-1.97	-0.06	2.8	-2.5486772	0.33839309999999995	0.05827051	0.053577438	0.004693068	0.0	0.029852994
1988-12-01	1.88	-1.93	-0.14	2.0	-1.1658398	5.6494922999999995	0.031385057	-0.046965982999999996	0.07835103	0.06214235	0.016208683999999998
1989-01-01	-0.02	-1.97	-1.24	2.5	0.16062129	17.576492000000002	0.0027579034	-0.24100494	0.24376287	0.24232902	0.0014338258
1989-02-01	1.14	-1.46	-1.45	2.0	1.0002143000000001	33.02756	0.005452075	-0.45259678	0.45804888	0.4551986	0.0028502379999999997
1989-03-01	0.2	-1.16	-1.24	1.8	0.7093223000000001	28.706065999999996	0.024017965	-0.37409753	0.39811546	0.3855817	0.0125337215
1989-04-01	0.0	-0.97	-0.32	2.7	-5.491862	0.0	0.051725674000000006	0.051725674000000006	0.0	0.0	0.026044302000000002
1989-05-01	3.73	-0.75	-0.09	2.0	-1.8612341000000001	2.9273107000000005	0.057444256	0.016846301	0.040597953	0.023544707999999998	0.029546356
1989-06-01	2.91	-0.45	0.11	1.2	-2.502147	0.14157459	0.09614931	0.094185874	0.0019634538000000003	0.0	0.049275383
1989-07-01	0.88	-0.46	0.56	1.5	-1.5128206	1.4385538999999998	0.05548893	0.035538073999999996	0.019950854	0.008184051999999999	0.028594147
1989-08-01	-1.21	-0.51	-0.44	-0.5	-3.0424797999999997	0.050742216	0.06350829	0.06280456	0.0007037278999999999	0.0	0.032442685
1989-09-01	-0.23	-0.31	-0.57	0.8	-4.0732029999999995	0.15964879999999998	0.078864	0.076649874	0.002214119	0.0	0.040040206
1989-10-01	-0.16	-0.36	-0.51	1.3	-2.1382008	0.031586405	0.08323758	0.08279951	0.00043806192	0.0	0.04273902
1989-11-01	0.69	-0.37	-0.76	-0.4	-1.6157964	0.75170475	0.05914293	0.048717763	0.010425157	0.0016856492999999999	0.030463262999999997
1989-12-01	-0.05	-0.1	-0.1	-0.9	-0.6704675	4.1407323	0.033705194	-0.023721326	0.05742652	0.044339694000000006	0.017459732
1990-01-01	-0.23	0.01	-0.42	-0.1	0.38962209999999997	18.49922	0.031878226	-0.22468163	0.2565599	0.24108252	0.016614676000000002
1990-02-01	1.95	0.22	-1.28	-3.0	1.4043278000000001	41.19154	0.007521167	-0.5637514	0.57127255	0.56733054	0.0039419853
1990-03-01	0.8	0.09	-1.24	-0.7	-0.085733734	17.702118	0.043459572	-0.20204554	0.24550514	0.22291563	0.022589507999999998
1990-04-01	-3.34	0.19	-0.15	0.3	-5.655037999999999	0.03454164	0.054743767	0.054264717000000004	0.00047904722	0.0	0.02753484
1990-05-01	-3.35	0.21	-0.32	2.0	-5.704805400000001	0.015412796000000001	0.048579647999999996	0.048365887	0.00021375525000000002	0.0	0.024427602000000003
1990-06-01	-0.28	0.05	-0.25	0.5	-4.9854026	0.0	0.07085913	0.07085913	0.0	0.0	0.035782762
1990-07-01	-1.82	0.2	-0.31	0.9	-5.9478903	0.0	0.09803749	0.09803749	0.0	0.0	0.049228113
1990-08-01	0.12	0.24	-0.43	-0.3	-5.986744	0.0573404	0.07876832	0.07797308	0.0007952360000000001	0.0	0.039541826
1990-09-01	2.08	0.21	-0.26	-1.2	-3.9046800000000004	0.0389454	0.03545896	0.034918837	0.0005401215	0.0	0.018017784
1990-10-01	-0.06	0.26	-1.16	0.4	-2.821237	0.3376763	0.07810487599999999	0.07342175	0.0046831267	0.0	0.03994477
1990-11-01	0.29	0.18	-1.88	-0.8	-1.8450205000000002	0.7653837	0.063149884	0.05253502400000001	0.010614866	0.0026600728999999997	0.032480195
1990-12-01	-0.2	0.39	-2.22	-0.4	-0.95011157	2.8612053	0.028849237000000003	-0.010831921999999999	0.03968116	0.029325072	0.014916283999999998
1991-01-01	1.5	0.48	-1.8	1.0	0.9606104999999999	33.162712	0.023532822999999998	-0.43639046	0.45992327	0.44762102	0.012302246000000001
1991-02-01	-1.69	0.33	-1.09	0.4	-0.07465533	16.239008	0.04846481	-0.17674890000000001	0.22521374	0.20005825	0.025191413
1991-03-01	1.07	0.08	-1.11	-1.1	-1.2674648000000002	3.9775709999999997	0.060766663	0.005602974399999999	0.05516369	0.033610142999999995	0.0313654
1991-04-01	-1.36	0.3	-1.63	-1.0	-3.3591067999999997	3.0383961	0.057034835	0.014896268	0.04213856	0.020569226	0.029081022
1991-05-01	1.02	0.39	-1.65	-1.7	-8.5038185	0.61801505	0.06443047	0.05585941	0.008571058000000001	0.0	0.03186143
1991-06-01	1.04	0.65	-2.25	-0.2	-10.455811500000001	0.020904541000000002	0.08699006599999999	0.08670014	0.00028991856	0.0	0.04250424
1991-07-01	-1.56	0.88	-1.57	0.0	-6.423572	0.0	0.07836515	0.07836515	0.0	0.0	0.039234765
1991-08-01	-0.57	0.7	-0.58	-0.7	-7.4725850000000005	0.0012370265	0.09658472	0.09656756	1.7155933e-05	0.0	0.048055027
1991-09-01	-2.52	0.41	0.37	-2.5	-3.8110372999999997	0.11102579	0.047187417999999995	0.045647636	0.0015397817999999999	0.0	0.023993208999999998
1991-10-01	1.3	0.9	0.41	-1.7	-4.17488	0.0	0.06364749	0.06364749	0.0	0.0	0.032291874
1991-11-01	-0.84	1.27	0.56	-1.1	-1.9813484000000001	0.55904585	0.05159558400000001	0.043842353	0.007753232	0.0016611314999999999	0.026519032
1991-12-01	-1.23	1.73	-0.21	-2.9	-1.3235808999999998	0.43489394	0.021331299999999997	0.015299891000000001	0.006031408	0.0026432622999999996	0.011007258
1992-01-01	0.17	1.83	0.08	-4.7	0.22456524	18.087141	0.034749664	-0.21609521	0.2508449	0.23275109	0.01809378
1992-02-01	-1.89	1.79	0.17	-1.5	-0.31886220000000004	12.044341000000001	0.030812185	-0.13622701	0.1670392	0.15112095	0.015990322
1992-03-01	-1.1	1.43	0.12	-3.3	-2.2904859	4.314718	0.04734022	-0.012499245	0.059839472000000005	0.040433727	0.024290007000000002
1992-04-01	0.53	1.31	0.55	-1.7	-2.1285446	2.7810981	0.055501207999999996	0.016931026999999998	0.038570177000000004	0.01917162	0.028507829
1992-05-01	-2.19	1.16	1.26	0.4	-9.164414	0.0	0.04581463	0.04581463	0.0	0.0	0.02256304
1992-06-01	-3.13	0.71	1.22	-1.0	-9.106269000000001	0.0	0.036715113	0.036715113	0.0	0.0	0.018087031
1992-07-01	-0.8	0.34	1.5	-1.0	-8.192932	0.29783168	0.057266325	0.05313579	0.0041305344	0.0	0.028365726
1992-08-01	-0.4	0.07	0.85	0.6	-5.1064115	0.019610738	0.06312958	0.062857606	0.00027197517999999997	0.0	0.031854287
1992-09-01	1.06	-0.07	0.45	0.1	-3.1464673999999997	0.085704006	0.0787123	0.0775237	0.001188602	0.0	0.040183092999999996
1992-10-01	0.7	-0.25	1.28	-2.3	-3.6550087999999996	0.06957653	0.101918265	0.100953326	0.0009649350999999999	0.0	0.051880892000000005
1992-11-01	1.49	-0.21	1.31	-1.1	-1.6567659	0.7473975	0.017914018	0.007548595999999999	0.010365421	0.0076957704	0.00922029
1992-12-01	0.58	-0.12	0.33	-0.9	0.22434525	16.168585	0.019729272	-0.20450777	0.22423704	0.21397136	0.010272026
1993-01-01	-2.17	0.14	-0.28	-1.5	-0.024239995	11.00614	0.033989307	-0.11865139	0.15264070000000002	0.13780849	0.017670315
1993-02-01	0.77	0.42	0.02	-1.2	0.5919939999999999	21.755945	0.00804375	-0.29368263	0.3017264	0.2975301	0.0041962990000000006
1993-03-01	-0.1	0.44	0.24	-0.8	-0.7482285	14.220379999999999	0.046678677	-0.15053931	0.19721799	0.17304839	0.024169572
1993-04-01	1.8	0.7	1.0	-1.9	-1.7219611000000001	4.406321	0.069545105	0.008435214	0.061109885999999995	0.034006428	0.03580418
1993-05-01	2.1	0.9	1.79	-0.6	-3.1727908	2.3903625	0.06298971	0.029838523	0.033151187	0.014614221	0.032149266
1993-06-01	0.4	0.49	2.05	-1.4	-4.612258	0.0	0.06744121	0.06744121	0.0	0.0	0.03413175
1993-07-01	2.82	0.34	1.48	-1.3	-3.8382370000000003	0.064946376	0.05850981	0.057609092	0.0009007209	0.0	0.029747548
1993-08-01	2.69	0.15	1.96	-1.6	-4.3195553	0.11763178	0.067846574	0.06621518	0.0016313982000000001	0.0	0.034396615
1993-09-01	1.14	0.34	1.15	-1.2	-4.407451999999999	0.03353172	0.09915068	0.098685645	0.00046504094000000004	0.0	0.05024095
1993-10-01	1.21	0.1	1.31	-1.8	-2.9883387000000003	0.0	0.04657591	0.04657591	0.0	0.0	0.023793094
1993-11-01	1.48	0.08	1.13	-0.1	-1.5806396999999999	3.0547137	0.055557728	0.013192853000000001	0.04236487	0.02248034	0.028621567
1993-12-01	1.38	0.2	0.67	0.3	-0.74871296	4.5298243	0.049711015	-0.013111696	0.06282271	0.043104354000000004	0.02573381
1994-01-01	0.53	0.09	0.85	-0.2	0.312037	17.164260000000002	0.03200876	-0.20603698	0.23804575	0.22137141	0.016674351
1994-02-01	2.72	0.07	0.33	0.4	0.2975603	18.706041	0.03390819	-0.22552003	0.25942823	0.24176358	0.017664652
1994-03-01	1.59	0.15	0.27	-1.1	-0.31211054	16.110153	0.023828894	-0.19959773	0.22342664	0.21106072	0.012365941
1994-04-01	-0.75	0.37	0.49	-2.1	-2.2107882	5.2667613	0.06431134	-0.008731724	0.07304306	0.048418112	0.033017997
1994-05-01	-1.5	0.43	0.55	-1.1	-5.435343700000001	0.019099036	0.03335435	0.03308947	0.00026487853	0.0	0.016797826000000002
1994-06-01	-2.33	0.45	0.1	-0.7	-4.8768782999999996	0.016528463	0.07630326	0.076074034	0.00022922807	0.0	0.038557872
1994-07-01	-0.15	0.36	-0.91	-2.2	-11.704253999999999	0.0	0.05852839	0.05852839	0.0	0.0	0.028377037
1994-08-01	1.53	0.55	-0.88	-2.0	-4.472411599999999	0.31888527	0.08251252	0.078090005	0.004422520300000001	0.0	0.04179372
1994-09-01	-1.22	0.47	-1.51	-2.6	-3.8996947	0.051771298	0.091255486	0.09053749	0.0007179999000000001	0.0	0.04637972
1994-10-01	-0.47	0.8	-1.06	-1.9	-6.7891164	0.0	0.06022918	0.06022918	0.0	0.0	0.030089002000000004
1994-11-01	-2.43	1.19	-1.93	-0.9	-1.4339585	1.1612221999999999	0.041102987	0.024998358	0.016104627	0.0081338	0.021195047999999998
1994-12-01	1.91	1.29	-2.22	-2.0	-0.6846222	4.182259999999999	0.007909074	-0.050093386	0.058002457	0.055189907999999996	0.0040940475
1995-01-01	2.89	1.02	-0.86	-0.7	0.8477674000000001	30.545609000000002	0.0026141389	-0.42101336	0.4236275	0.42226237	0.0013651625
1995-02-01	0.31	0.74	0.02	-0.2	0.79229975	26.78456	0.007975626	-0.36349106	0.37146667	0.36730176	0.0041649155
1995-03-01	-1.12	0.51	0.46	1.2	-0.7636005	12.174978999999999	0.064517714	-0.10433326	0.16885097	0.13544992	0.033401046000000004
1995-04-01	0.74	0.39	0.49	-1.1	-2.3387298999999997	5.414358999999999	0.09536805	0.020278005	0.07509005	0.038373835	0.04892466
1995-05-01	2.64	0.01	0.89	-0.6	-3.2413383	1.3799261	0.04195413	0.02281637	0.019137763999999998	0.0055809873	0.021404572
1995-06-01	-0.79	-0.01	1.03	0.2	-7.861177400000001	0.0	0.067252696	0.067252696	0.0	0.0	0.03338386
1995-07-01	-4.26	-0.1	1.0	0.7	-12.876854	0.0	0.08964968	0.08964968	0.0	0.0	0.043152752999999995
1995-08-01	-0.51	-0.61	-0.11	0.5	-11.652194999999999	0.0	0.059738804000000006	0.059738804000000006	0.0	0.0	0.028971495
1995-09-01	3.09	-0.84	1.22	0.4	-7.22312	0.27562129999999996	0.059741035	0.055918525999999996	0.0038225052	0.0	0.02976763
1995-10-01	-0.69	-0.83	0.64	0.0	-2.7463396	0.24632369	0.047806475	0.04439029	0.0034161862	0.0	0.024457267
1995-11-01	0.17	-1.03	0.05	0.1	-2.3551924	0.0024399870000000002	0.062231775	0.062197935	3.3839413e-05	0.0	0.031913504
1995-12-01	1.93	-0.91	0.44	-0.8	-0.3216364	10.744968	0.01741726	-0.13160135	0.1490186	0.13997985	0.00903875
1996-01-01	0.55	-0.86	1.01	1.6	0.24699122	16.371548	0.017214766	-0.20983711	0.22705187	0.21808839	0.00896348
1996-02-01	-1.74	-0.85	1.01	0.4	0.8456615	30.188496	0.018794566000000002	-0.39988026	0.41867483	0.40885755	0.009817219
1996-03-01	1.31	-0.56	0.85	1.9	-0.08587602	27.632642999999998	0.024185726	-0.3590427	0.3832284	0.37065825	0.012570191000000001
1996-04-01	-0.28	-0.36	1.37	1.3	-2.4887035	3.382136	0.034179952	-0.012725833999999998	0.046905782	0.033721596	0.017518448
1996-05-01	1.9	-0.26	2.13	0.5	-3.8481262000000003	0.47142629999999996	0.073415756	0.066877685	0.0065380638	0.0	0.037326545
1996-06-01	-1.4	-0.3	1.1	1.9	-5.704882	0.0	0.07992348	0.07992348	0.0	0.0	0.04019008
1996-07-01	0.22	-0.33	0.57	1.1	-4.212337000000001	0.44046873	0.095167935	0.08905922	0.0061087226	0.0	0.04827799
1996-08-01	-2.46	-0.2	-0.66	1.2	-4.3797755	0.118313104	0.061250973	0.05961013	0.0016408473999999999	0.0	0.0310393
1996-09-01	-3.5	-0.46	0.07	1.0	-2.4528172	0.58975786	0.09089257	0.082713395	0.008179167	0.0	0.04658912
1996-10-01	2.79	-0.4	0.4	1.0	-2.5495415	0.2112732	0.06952546	0.066595376	0.002930082	0.0	0.035610847
1996-11-01	-2.36	-0.34	0.38	-0.1	-1.7055022000000002	0.46899202	0.06519847	0.05869417	0.0065043033	0.00045752837	0.03356053
1996-12-01	0.03	-0.61	-0.03	1.5	-0.51045835	7.313158500000001	0.035872456000000004	-0.06555146	0.10142390400000001	0.08639072	0.01859625
1997-01-01	2.37	-0.54	0.44	0.8	0.876857	31.873086999999998	0.018481512	-0.42355636	0.44203788	0.43238050000000006	0.009657345999999999
1997-02-01	0.68	-0.36	0.29	2.9	0.48669967	25.846360999999998	0.010154418	-0.34830073	0.35845512	0.35315892	0.0052961865
1997-03-01	1.43	-0.2	0.39	-0.7	0.17643888	24.082298	0.017493088	-0.31649673	0.33398983	0.3248881	0.009101741
1997-04-01	0.15	0.27	0.73	-1.0	-2.5615547000000003	3.096517	0.07945449	0.03650986	0.042944625	0.0144252945	0.04070493
1997-05-01	1.43	0.77	1.59	-2.2	-2.5424627999999996	1.0134959000000001	0.044850852000000004	0.030794997	0.014055857	0.0039773053	0.022978058
1997-06-01	0.69	1.23	2.55	-2.3	-5.9281836	0.0	0.07042407	0.07042407	0.0	0.0	0.03536912
1997-07-01	1.82	1.68	1.49	-1.2	-6.503635	0.25326326	0.065403625	0.061891194000000004	0.0035124288	0.0	0.032730973999999996
1997-08-01	0.76	1.91	2.27	-2.4	-6.0934916	0.0	0.077180415	0.077180415	0.0	0.0	0.038719706
1997-09-01	0.69	2.12	1.8	-2.4	-8.572952	0.0	0.04364671	0.04364671	0.0	0.0	0.021570852
1997-10-01	-1.78	2.41	1.78	-2.4	-3.9898638999999996	0.258997	0.05991542	0.056323472	0.0035919484000000003	0.0	0.030434942000000003
1997-11-01	-3.17	2.49	1.48	-2.0	-3.1563995	0.0014400039000000001	0.052217122000000005	0.05219715	1.9970962999999998e-05	0.0	0.026657172000000003
1997-12-01	-0.89	2.33	0.99	-1.6	-0.9941576999999999	1.373841	0.009794173	-0.009259199000000001	0.01905337	0.016045861	0.0050627207
1998-01-01	2.65	2.37	1.05	-4.4	0.47376907	21.1211	0.011789995	-0.28113192	0.2929219	0.28677579999999997	0.0061460948
1998-02-01	0.57	2.04	1.52	-3.4	0.5447949000000001	19.769447	0.0057990947	-0.26837718	0.2741763	0.27115229999999996	0.0030239893
1998-03-01	-0.05	1.39	1.29	-4.0	0.05030246	18.864107	0.047513507	-0.21410689	0.2616204	0.23690765	0.024712734
1998-04-01	2.89	0.89	0.03	-2.4	-0.09632682	12.941735000000001	0.02582656	-0.15365832	0.17948486	0.16606677	0.013418095
1998-05-01	1.11	0.7	-0.83	0.4	-2.3381157000000004	1.195123	0.019063184	0.0024883970000000003	0.016574787	0.011288646000000001	0.009773973
1998-06-01	1.31	-0.26	-0.78	1.6	-1.9785415000000002	0.23652472	0.06316514	0.059884857	0.0032802871000000003	0.0	0.032467637
1998-07-01	2.13	-0.88	-1.16	2.0	-5.3409986	0.03490572	0.1204586	0.11997449999999998	0.00048409653	0.0	0.060705934
1998-08-01	2.66	-1.26	-0.87	1.9	-6.819545	0.0	0.07643675	0.07643675	0.0	0.0	0.038181875
1998-09-01	0.74	-1.27	-1.7	1.7	-7.766559	0.21188070000000003	0.06932513	0.06638662	0.0029385074	0.0	0.034429826000000004
1998-10-01	-0.26	-1.42	-2.23	1.8	-2.97635	0.36689156	0.09171004	0.08662173	0.005088304	0.0	0.046863124000000006
1998-11-01	2.84	-1.39	-0.97	1.7	-1.7028383000000002	0.36319962	0.05681567	0.051778566	0.005037102	3.121607e-05	0.029247783
1998-12-01	2.59	-1.65	-1.09	2.3	-0.61286485	3.8289334999999998	0.04013888	-0.012963396499999998	0.053102277	0.039971504	0.020791313
1999-01-01	2.26	-1.7	-0.78	3.0	0.4825554	20.850842	0.013690386	-0.27548343	0.28917378	0.28203785	0.0071359556000000005
1999-02-01	0.56	-1.31	-1.06	1.6	0.59873307	22.370542999999998	0.015887517	-0.29436255	0.31025007	0.30196586	0.008284178
1999-03-01	-1.39	-0.91	-1.18	2.1	0.3676021	25.184355	0.014869276	-0.33440465	0.34927395	0.34152740000000004	0.007746505
1999-04-01	2.44	-1.01	-1.85	2.3	-0.20320864	12.455657	0.040016722000000005	-0.1327269	0.17274362	0.1548568	0.020781817
1999-05-01	2.51	-1.02	-2.32	0.4	-1.7105236000000001	0.93172294	0.03180159	0.018879816	0.012921773999999999	0.00649696	0.016369542
1999-06-01	-1.81	-1.06	-2.34	0.4	-3.8597949999999996	0.23670143	0.08537299	0.08209026	0.003282738	0.0	0.043399934
1999-07-01	0.72	-1.05	-1.87	0.9	-4.197366000000001	0.10823023	0.11248062	0.11097961	0.0015010113000000001	0.0	0.057068802
1999-08-01	1.44	-1.2	-1.84	0.6	-6.1073055	0.0	0.09135792	0.09135792	0.0	0.0	0.04582431
1999-09-01	0.16	-1.1	-2.24	-0.1	-6.093670400000001	0.08564794	0.06810269	0.066914864	0.0011878244	0.0	0.03416489
1999-10-01	3.35	-1.19	-2.54	1.6	-2.700878	0.085602514	0.07753549	0.07634830000000001	0.0011871944	0.0	0.039678525
1999-11-01	1.83	-1.51	-2.18	1.7	-1.0409861999999999	2.4277585	0.06344361	0.029773781000000003	0.033669826	0.016585229	0.032782987
1999-12-01	3.12	-1.7	-1.92	2.4	-0.21585839999999998	9.818724000000001	0.017959079	-0.11821372	0.13617279999999998	0.12815595	0.009319695
2000-01-01	3.59	-1.77	-2.2	1.1	0.35431543	18.403896	0.027386045	-0.22785182	0.25523788	0.24141401	0.014265001999999999
2000-02-01	2.32	-1.54	-1.28	2.7	0.7841305000000001	27.236315	0.004462972	-0.37326893	0.37773186	0.37540147	0.0023304187
2000-03-01	0.74	-0.94	-0.66	2.2	0.07122392	20.013266	0.05095516	-0.22660255	0.27755767	0.25104743	0.026510261
2000-04-01	0.97	-0.76	-0.63	2.0	-0.8612689	8.049653	0.03770856	-0.07392956	0.111638136	0.09627835	0.019503971999999998
2000-05-01	1.9	-0.74	-0.81	0.6	-1.8703797999999998	4.1257544	0.04303084	-0.014187957	0.057218794	0.04046768	0.022129409
2000-06-01	-0.31	-0.65	-0.64	-0.3	-2.4368822999999997	0.37462455	0.046658427	0.04146288	0.005195551	0.000451862	0.023915517999999997
2000-07-01	0.52	-0.55	-1.51	-0.3	-3.2276762000000003	0.0010198549	0.03168396	0.031669817999999995	1.4144048e-05	0.0	0.01616457
2000-08-01	-1.22	-0.47	-1.68	1.2	-6.9508505000000005	0.0	0.05852215400000001	0.05852215400000001	0.0	0.0	0.029209383
2000-09-01	-3.2	-0.53	-1.45	1.4	-6.3930644999999995	0.0	0.050367035	0.050367035	0.0	0.0	0.025221757999999997
2000-10-01	1.21	-0.65	-1.61	1.8	-2.6114392000000004	0.0	0.07446586	0.07446586	0.0	0.0	0.038135212
2000-11-01	-1.32	-0.71	-1.04	3.0	-2.1872604	0.16105546	0.025360834	0.023127206	0.0022336275	0.00019301931	0.013017463500000001
2000-12-01	-2.05	-0.88	0.0	1.3	-0.8854755	1.6756883000000002	0.045600395999999994	0.0223608	0.023239596	0.015730409	0.02358731
2001-01-01	1.43	-0.74	0.48	1.6	-0.008595866	11.871064	0.05975841	-0.10487766	0.16463608	0.13897315	0.031075
2001-02-01	-2.7	-0.62	-0.01	2.8	-0.39988288	9.490964	0.0762013	-0.055425905	0.13162720000000003	0.09511051	0.039534315
2001-03-01	-0.57	-0.43	-0.41	1.5	-0.90075934	9.376027	0.07714305	-0.052890133	0.13003318	0.09597168	0.03990594
2001-04-01	3.49	-0.38	-1.18	0.3	-3.7105627	1.9339436	0.046124592	0.019303335	0.026821257999999997	0.012254751999999999	0.023466848
2001-05-01	-1.75	-0.21	-1.12	-0.8	-1.9333943	0.66508377	0.07325229	0.06402845	0.009223838	0.0005952014	0.037661556
2001-06-01	-0.02	-0.05	-1.22	0.5	-6.596587700000001	0.0	0.067139104	0.067139104	0.0	0.0	0.03358286
2001-07-01	0.2	0.07	-2.21	-0.3	-7.574109599999999	0.0	0.042386465	0.042386465	0.0	0.0	0.021075017999999997
2001-08-01	-0.15	-0.03	-1.68	-0.7	-3.1873138	0.05687625	0.081569985	0.080781184	0.0007887988499999999	0.0	0.041626252
2001-09-01	1.46	-0.21	-1.98	0.3	-2.8437542999999996	0.056391515	0.054513935	0.053731862000000005	0.00078207627	0.0	0.027873605
2001-10-01	1.36	-0.1	-1.91	-0.1	-1.6743065	0.57954156	0.08580575	0.07776827	0.008037480999999999	0.0	0.04417358
2001-11-01	2.54	-0.29	-1.25	1.1	-1.1424003999999999	3.0213785	0.07249939	0.030596828	0.041902552999999995	0.020731872	0.037444357000000004
2001-12-01	1.16	-0.37	-1.12	-1.4	-0.04214014	11.040897	0.04453378	-0.10858895	0.15312275	0.13456476	0.023147552999999998
2002-01-01	2.22	-0.16	-0.42	0.7	0.7381146	26.155878	0.023513146000000002	-0.33923453	0.36274767	0.35046843	0.012279264
2002-02-01	2.8	-0.03	-1.51	1.8	1.0739005	32.11826	0.018306281	-0.42713177	0.44543812	0.43586412	0.009573977
2002-03-01	-4.42	0.05	-1.27	-0.4	-0.87590134	8.533787	0.051741313	-0.06661111	0.11835242	0.09525914	0.026768185
2002-04-01	1.6	0.13	-1.23	-0.1	-0.7748714	9.395847	0.039677456	-0.0906306	0.13030806	0.11087129	0.0205343
2002-05-01	-1.69	0.43	-1.3	-1.4	-5.752788	0.16821429999999998	0.07666595	0.074333034	0.0023329116000000002	0.0	0.038540334
2002-06-01	-0.43	0.85	-1.18	-0.4	-9.742367	0.0032000875	0.048830464000000004	0.048786085	4.4381009999999995e-05	0.0	0.023963334
2002-07-01	-0.67	0.86	-0.71	-0.8	-6.88565	0.0	0.0920875	0.0920875	0.0	0.0	0.045980528
2002-08-01	1.14	0.89	0.11	-1.6	-4.793461	0.00015045876000000001	0.04006398	0.040061895	2.0866655e-06	0.0	0.020251956
2002-09-01	-2.18	1.08	-0.21	-1.0	-3.7746546000000003	0.01834887	0.07280132	0.07254685	0.00025447474999999996	0.0	0.037029173
2002-10-01	-5.77	1.29	-0.2	-0.6	-5.6594524	0.25690407	0.07589419	0.072331265	0.0035629221	0.0	0.038176075
2002-11-01	0.03	1.54	1.08	-0.7	-2.371554	0.00936038	0.066102445	0.06597262599999999	0.00012981618	0.0	0.03389832
2002-12-01	1.29	1.41	1.57	-1.8	-0.63792056	6.005279499999999	0.029963492999999997	-0.053321842	0.08328534	0.07114398	0.015520919
2003-01-01	-0.52	0.6	1.45	-0.3	0.08611504	12.361444	0.014926189	-0.15651082	0.17143703	0.16510242	0.007764914499999999
2003-02-01	-0.98	0.65	1.23	-1.1	0.6406522	24.11756	0.041241314	-0.29323757	0.33447888	0.31295338	0.021525483999999998
2003-03-01	-0.07	0.41	1.01	-0.5	-1.1928682	6.269764	0.04440142	-0.042551976	0.086953394	0.068938375	0.02292666
2003-04-01	2.21	-0.03	0.36	-0.2	-1.4369637	5.5078062999999995	0.0343006	-0.04208544	0.07638604	0.06209462	0.017687373
2003-05-01	1.04	-0.49	0.21	-0.5	-2.991519	1.1976963999999999	0.07323737	0.05662689	0.016610477	0.0010719821	0.037422847
2003-06-01	-2.52	-0.15	-0.42	-1.0	-7.826886999999999	0.06898889	0.10306973	0.10211295	0.0009567851699999999	0.0	0.05117402
2003-07-01	1.2	0.32	0.37	0.5	-6.616688000000001	0.18673421	0.09028047	0.08769071	0.0025897585	0.0	0.045149647
2003-08-01	2.33	0.28	0.63	0.2	-2.4772904	0.5905102	0.077904455	0.06971486	0.008189601	0.0	0.03992454
2003-09-01	-0.99	0.26	-0.17	-0.2	-3.2920300000000005	0.13586141	0.08381257	0.08192835	0.0018842196	0.0	0.04274518
2003-10-01	0.12	0.47	0.74	0.0	-2.923232	0.27455175	0.08900245	0.085194774	0.0038076723	0.0	0.04549532
2003-11-01	-0.15	0.41	-0.23	-0.5	-2.601925	0.026867533	0.061071478	0.060698863	0.0003726174	0.0	0.031276572
2003-12-01	-0.69	0.47	-0.6	1.8	-1.6949732	0.31792432	0.06785838	0.0634492	0.0044091926	0.0	0.034938767999999995
2004-01-01	2.56	0.26	-0.55	-2.2	0.07197258	14.053929	0.03278353	-0.162126	0.19490951	0.17897457	0.017055493
2004-02-01	-3.33	0.24	-0.21	2.0	0.5780153	21.82266	0.0130233625	-0.2896283	0.30265164	0.29585838	0.0067932745
2004-03-01	0.74	0.17	-0.15	0.7	-0.17396823	17.725227	0.060978483	-0.18484715	0.24582562	0.21414788	0.031677734
2004-04-01	1.2	0.18	-0.0	-1.5	-2.2479052999999998	5.555982599999999	0.047893412	-0.029160778999999998	0.07705419	0.05671235	0.024580900000000003
2004-05-01	-0.15	0.18	0.61	1.7	-2.8443756000000002	2.0243545	0.06811617	0.040041037	0.028075133999999998	0.008623552	0.03483163
2004-06-01	1.69	0.27	-0.11	-1.4	-3.2535833999999997	0.10092021	0.05476991	0.053370275	0.0013996307999999999	0.0	0.027942454
2004-07-01	2.52	0.6	0.04	-0.8	-4.059886	0.2301366	0.07658411	0.07339241	0.0031916923	0.0	0.03888487
2004-08-01	0.0	0.78	0.24	-0.5	-4.4000554	0.0069757504	0.08141786	0.08132112	9.67445e-05	0.0	0.04125681
2004-09-01	1.77	0.8	0.02	-0.6	-4.2263637	0.06856448	0.08011187	0.07916097	0.0009508992999999999	0.0	0.04063680000000001
2004-10-01	-0.59	0.77	-0.72	-0.1	-3.1823905	0.47362927	0.06420106	0.057632443	0.0065686163	0.0	0.032766856000000004
2004-11-01	-1.18	0.73	-1.22	-1.1	-1.5018176	1.5170771	0.03910531	0.018065445	0.021039866	0.011290741000000002	0.020150654
2004-12-01	-1.02	0.78	-0.64	-1.3	-0.69307953	5.537413	0.047592822	-0.029203822999999997	0.07679664	0.05600468	0.024648077999999997
2005-01-01	1.07	0.66	-0.15	0.6	0.22120066	16.176311	0.016576981	-0.20776722	0.22434421	0.21571542	0.008628763000000001
2005-02-01	1.59	0.37	-0.01	-5.2	0.75848347	25.573220000000003	0.019865405	-0.33480158	0.354667	0.3442937	0.010373258
2005-03-01	-0.12	0.49	0.7	0.5	-0.8450405999999999	10.413771	0.039665695	-0.10475964	0.14442533	0.12784472	0.02052158
2005-04-01	3.46	0.37	0.28	-1.0	-2.3508367999999997	2.8447707	0.06778987	0.028336637	0.03945323	0.01891653	0.034766003
2005-05-01	-0.45	0.42	1.36	-1.3	-4.9238358	0.0	0.051894054	0.051894054	0.0	0.0	0.02621897
2005-06-01	-0.41	0.18	0.85	0.7	-8.944834	0.0	0.044088576	0.044088576	0.0	0.0	0.021742222999999998
2005-07-01	-0.5	-0.12	0.11	0.3	-7.254562	0.0	0.05660809	0.05660809	0.0	0.0	0.028202234
2005-08-01	0.5	-0.03	-0.42	-0.6	-4.4416795	0.027751832999999997	0.06977808	0.069393195	0.00038488148000000004	0.0	0.03535115
2005-09-01	0.39	-0.04	-0.99	0.6	-3.0664165	0.013898983	0.07410331	0.07391055	0.00019276063999999998	0.0	0.03784867
2005-10-01	-0.11	-0.02	-2.0	2.0	-2.2096042999999996	0.21360956	0.038723018	0.035760533	0.0029624843	8.754029e-05	0.019871917
2005-11-01	0.66	-0.51	-1.89	-0.3	-1.6275823	0.32708314	0.03059374	0.026057526	0.0045362134	0.0008857279	0.015757328
2005-12-01	-2.76	-0.89	-0.1	-0.0	-1.1160454	5.82076	0.020475185	-0.06025111	0.080726296	0.07232237	0.010574407
2006-01-01	0.56	-0.92	0.54	2.7	1.0471599	35.761959999999995	0.0010547080000000001	-0.49491670000000004	0.49597138	0.49541999999999997	0.0005513598400000001
2006-02-01	-1.85	-0.66	0.38	0.2	1.0990785	34.927859999999995	0.030540854	-0.45386267	0.48440352	0.46841905	0.015984428999999998
2006-03-01	1.66	-0.66	-0.74	2.9	1.4447793	47.62597	0.036103096	-0.6244066	0.6605095999999999	0.64157623	0.018933417
2006-04-01	-0.69	-0.21	-0.54	1.8	-0.8797187	8.550891	0.09535277	-0.023236865	0.11858963	0.07554214	0.04933852
2006-05-01	2.28	0.04	-0.37	-0.8	-1.5040122999999999	6.053926000000001	0.06453528	-0.019424718	0.083960004	0.05716672	0.03326307
2006-06-01	2.05	0.14	0.21	-0.4	-4.858517	0.26678467	0.038579196	0.034879245	0.0036999532000000003	0.00015993584999999998	0.019496405
2006-07-01	1.61	0.12	0.39	-1.0	-4.481159	0.0	0.053158704	0.053158704	0.0	0.0	0.02692486
2006-08-01	-2.64	0.33	-0.85	-1.7	-8.9169035	0.0	0.050005637	0.050005637	0.0	0.0	0.024665162
2006-09-01	-0.26	0.59	-1.54	-1.0	-5.912797	0.0	0.056727797	0.056727797	0.0	0.0	0.028489112999999996
2006-10-01	1.79	0.74	-0.46	-2.1	-2.3948057	0.32878292	0.038415063	0.033855277999999996	0.004559787	0.000570891	0.019694844
2006-11-01	0.14	1.06	-0.81	0.1	-1.8508285	0.13040729	0.05918942	0.057380844	0.0018085778	0.0	0.030444078
2006-12-01	1.34	1.18	-0.42	-0.5	-0.45539886	7.088837	0.061791398	-0.03652146	0.09831286	0.07295395	0.032047942
2007-01-01	0.03	0.69	-0.69	-1.3	0.49817193	21.595001	0.03610175	-0.26339257	0.2994943	0.28066665	0.01882763
2007-02-01	2.36	0.14	-0.71	-0.1	0.51277965	21.84065	0.024963556	-0.27793756	0.30290115	0.28988105	0.013020080500000001
2007-03-01	-0.77	-0.13	-1.1	0.3	-1.9372831999999998	4.7744346	0.03764439	-0.028570747	0.066215135	0.04872616	0.01935341
2007-04-01	-0.33	-0.21	-0.46	-0.2	-4.8207746	0.6377215999999999	0.09472386	0.0858795	0.008844361	0.0	0.047884826
2007-05-01	-1.02	-0.35	-0.29	-0.2	-5.531505999999999	0.0	0.054243114	0.054243114	0.0	0.0	0.027305252999999998
2007-06-01	-0.65	-0.22	-0.07	0.9	-8.424204	0.0	0.05070925	0.05070925	0.0	0.0	0.025086907999999998
2007-07-01	-2.67	-0.47	0.43	-0.5	-11.916036	0.0	0.06218125	0.06218125	0.0	0.0	0.030109966000000002
2007-08-01	-0.28	-0.7	0.09	0.7	-5.755875	0.0	0.08316798	0.08316798	0.0	0.0	0.041807666
2007-09-01	-1.88	-1.12	-0.97	0.3	-4.190820700000001	0.01670589	0.08054905400000001	0.08031736	0.00023168875	0.0	0.040867493
2007-10-01	-0.86	-1.35	-2.33	1.2	-4.2411423	0.0	0.10762521	0.10762521	0.0	0.0	0.054592367
2007-11-01	0.03	-1.46	-1.46	1.4	-2.9270134	0.17175079999999998	0.067967944	0.065585986	0.002381958	0.0	0.03474379
2007-12-01	2.8	-1.55	-0.87	2.7	-0.76120454	4.4665029999999994	0.024244257999999998	-0.037700273	0.06194453	0.05278032	0.012544781999999999
2008-01-01	2.56	-1.69	-1.5	2.9	0.13115965	15.866204999999999	0.026021463999999998	-0.19402196	0.22004342	0.207168	0.013539636
2008-02-01	1.09	-1.66	-1.46	4.4	0.59186155	23.763603	0.018241348	-0.31132859999999996	0.32956994	0.3200547	0.009515271
2008-03-01	0.63	-1.16	-1.26	2.4	-0.4025156	16.707178	0.048954252000000004	-0.18275237	0.23170663	0.20723648	0.025395455
2008-04-01	-0.81	-0.88	-1.79	1.1	-2.5878200000000002	6.4927416	0.05023645	-0.039809357000000004	0.090045795	0.06828995	0.02573083
2008-05-01	-0.66	-0.72	-1.62	-0.1	-2.2809777	2.2523754	0.06156716	0.030329676	0.031237489	0.015412648999999999	0.03158682
2008-06-01	3.0	-0.55	-1.85	1.0	-3.7302419999999996	0.17224902	0.06795124	0.06556237	0.0023888678	0.0	0.034569073
2008-07-01	0.23	-0.19	-1.96	0.5	-4.0144043	0.010119771	0.061191447	0.061051097	0.00014034793	0.0	0.03107587
2008-08-01	0.6	-0.11	-1.85	1.7	-4.875992299999999	0.0	0.058072124	0.058072124	0.0	0.0	0.029338648999999998
2008-09-01	0.46	-0.26	-1.87	2.0	-2.0195456000000003	0.6820459	0.04326188	0.033802796	0.00945908	0.0021085262	0.022224773
2008-10-01	2.21	-0.31	-1.9	2.1	-2.2482757999999996	0.122019924	0.09228341	0.09059116	0.0016922560999999999	0.0	0.047361046
2008-11-01	1.03	-0.38	-1.59	2.2	-1.336571	6.614436	0.040385082	-0.05134846	0.09173353	0.07407692	0.020834008
2008-12-01	1.01	-0.82	-1.31	2.4	-0.35507512	7.778222599999999	0.03004661	-0.07782712	0.10787373	0.09477209	0.015585308999999999
2009-01-01	2.02	-0.9	-1.81	1.8	0.72678846	26.695009999999996	0.0314137	-0.33881100000000003	0.3702247	0.35382178	0.016402911000000003
2009-02-01	0.94	-0.78	-1.78	3.1	0.444142	19.007566	0.02872395	-0.23488604	0.26361	0.24866018	0.014974112
2009-03-01	0.5	-0.65	-2.06	0.7	0.27985679999999996	22.170172	0.036597762	-0.27087340000000004	0.3074712	0.28841084	0.019060327
2009-04-01	-0.43	-0.24	-2.23	1.3	-2.2821443	1.1415184999999999	0.07165157	0.05582021	0.015831361999999998	0.002344863	0.03677048
2009-05-01	-0.14	0.18	-1.32	-0.2	-3.1059577000000003	0.67331076	0.11014062	0.10080269	0.009337936	0.0	0.05624334
2009-06-01	0.54	0.45	-0.73	0.2	-7.490110400000001	0.014945806	0.07277861	0.07257133	0.0002072787	0.0	0.03621057
2009-07-01	-0.13	0.6	-0.71	0.4	-8.452049	0.0	0.09290083	0.09290083	0.0	0.0	0.04595318
2009-08-01	-2.44	0.58	-0.49	-0.3	-8.822694	0.0	0.05279826	0.05279826	0.0	0.0	0.026056833999999997
2009-09-01	-0.78	0.67	0.33	0.5	-5.1949754	0.008700348	0.10397895	0.103858285	0.000120662415	0.0	0.052444573
2009-10-01	1.47	0.93	-0.13	-2.0	-3.2854536	0.19009754	0.11238684	0.10975045	0.0026364033000000004	0.0	0.057327807
2009-11-01	-1.2	1.53	-0.94	-1.0	-3.1737632999999996	0.04297514	0.066814825	0.066218816	0.00059600873	0.0	0.034104973
2009-12-01	1.09	1.78	-0.51	-1.2	-1.0035783999999999	4.3941099999999995	0.05918174599999999	-0.0017587972	0.06094054	0.040722664	0.030590693999999998
2010-01-01	-0.4	1.51	0.05	-1.8	-0.55818576	6.262094	0.030535472999999997	-0.05631155	0.08684702	0.07443858	0.015824843
2010-02-01	-2.12	1.26	0.25	-2.4	-0.82928014	2.9041975	0.06827981	0.028002403999999998	0.04027741	0.023680925	0.035334393
2010-03-01	0.04	0.95	-0.16	-1.1	-0.97436136	9.02395	0.06627888	-0.058871437	0.12515032	0.09527479	0.034269903
2010-04-01	0.08	0.49	-0.04	2.0	-2.8284929	4.911128	0.07434234	0.006231444	0.06811089999999999	0.040381987	0.038023073
2010-05-01	1.51	-0.1	-0.18	1.5	-3.3210115	1.6444418	0.09343822	0.07063198	0.022806247999999998	0.004541788	0.047651816
2010-06-01	3.14	-0.55	-0.79	0.6	-2.6494994	0.68518776	0.056619145	0.047116492	0.009502653	0.0013290561	0.0289855
2010-07-01	3.37	-0.96	-1.99	3.0	-4.476492400000001	0.14553265	0.08171012	0.079691775	0.0020183467	0.0	0.041386694
2010-08-01	1.24	-1.37	-2.21	3.0	-4.564218	0.010943036000000001	0.091146685	0.090994924	0.00015176553	0.0	0.046144195
2010-09-01	-0.33	-1.61	-2.45	3.7	-3.5101709999999997	0.0038601188	0.0910212	0.09096766	5.3534775e-05	0.0	0.046369653
2010-10-01	3.19	-1.64	-1.6	2.9	-1.4698166000000001	1.2792507	0.06443685	0.04669532	0.017741527	0.0062067215	0.033211116
2010-11-01	3.88	-1.57	-1.57	2.1	-0.81294197	2.2620877999999998	0.06627141	0.03489922	0.031372186	0.018482974	0.03429393
2010-12-01	0.25	-1.57	-2.04	4.8	-1.1441242	3.3100586000000005	0.0607534	0.014847241	0.04590616	0.025660198	0.031382095
2011-01-01	0.48	-1.55	-1.8	3.8	-0.19656175	9.282653	0.02304082	-0.10569738	0.12873821	0.118038245	0.011966271
2011-02-01	0.87	-1.1	-1.46	4.5	0.9834366	29.972551	0.018240975	-0.39743894	0.4156799	0.40614256	0.009537381
2011-03-01	-0.79	-0.88	-1.28	4.2	-0.33358902	18.148308	0.04909012	-0.2026031	0.2516932	0.22621454	0.025478663
2011-04-01	1.62	-0.66	-1.02	3.1	-4.545281	0.39673559999999997	0.085402004	0.0798998	0.0055022016	0.0	0.04324412
2011-05-01	1.37	-0.4	-0.66	0.6	-3.3838203	2.0816223999999997	0.05815884	0.029289467000000003	0.028869368	0.014768763999999998	0.029650637999999997
2011-06-01	0.72	-0.24	-1.08	0.4	-6.1617055	0.0	0.08979688	0.08979688	0.0	0.0	0.045032397
2011-07-01	-1.52	-0.31	-2.3	1.6	-9.809704	0.0	0.052341804000000006	0.052341804000000006	0.0	0.0	0.02567663
2011-08-01	-0.73	-0.63	-2.37	0.7	-8.676382	0.0	0.027991146	0.027991146	0.0	0.0	0.013823762
2011-09-01	-1.79	-0.81	-2.5	1.7	-6.4196279999999994	0.09932336	0.0822717	0.080894224	0.0013774845000000002	0.0	0.0411951
2011-10-01	0.59	-1.01	-1.92	1.2	-2.3505955000000003	0.35956094	0.07141708599999999	0.06643045	0.004986638	0.0	0.036625158
2011-11-01	-1.41	-1.11	-2.95	1.8	-1.7121199	1.1604451	0.07751778	0.061423927999999996	0.01609385	0.0032441644	0.039905965
2011-12-01	3.43	-1.02	-2.4	4.1	-0.30152294	7.3757304999999995	0.044679154000000006	-0.057612542	0.102291696	0.08462113	0.023183975
2012-01-01	3.08	-0.88	-1.85	1.8	-0.12908307	8.963942	0.023041911	-0.10127619	0.1243181	0.114652455	0.011968261000000001
2012-02-01	-1.53	-0.66	-1.35	0.8	-0.3304603	13.894042	0.01848529	-0.1742068	0.19269212	0.18310219	0.00958991
2012-03-01	0.48	-0.57	-1.66	1.2	-0.43333828	16.142841	0.031162053	-0.19271797	0.22388001	0.20776895	0.01616314
2012-04-01	2.18	-0.39	-1.01	-0.4	-4.436554	1.8203913	0.06754995	0.042303514	0.025246438	0.0073721264	0.034226142
2012-05-01	0.47	-0.2	-2.12	0.1	-2.6285126	1.2016118999999998	0.07558261599999999	0.058917843	0.016664778999999998	0.0048623797	0.03870738
2012-06-01	1.46	0.16	-1.63	-0.7	-7.002567	0.0	0.091279104	0.091279104	0.0	0.0	0.045542214000000004
2012-07-01	3.18	0.36	-2.4	-0.1	-5.0719905	0.1801701	0.08027477	0.07777605	0.0024987229	0.0	0.040518288
2012-08-01	1.34	0.49	-2.6	-0.3	-3.7089581	0.23284131	0.10840189	0.10517269	0.0032292032	0.0	0.055158127
2012-09-01	0.09	0.38	-2.99	0.4	-4.9625287	0.03957562	0.07469222	0.07414336	0.0005488618599999999	0.0	0.037725177
2012-10-01	0.83	0.31	-1.22	0.5	-3.7144003	0.09897631400000001	0.1039	0.10252733	0.0013726715	0.0	0.052864037
2012-11-01	-0.84	0.23	-0.66	0.4	-2.323048	1.4386356000000002	0.07221832	0.052266337	0.019951986	0.004068955	0.03704458
2012-12-01	-0.9	-0.22	-1.31	-1.0	-1.4604315	0.51370525	0.016655665	0.009531247	0.007124416999999999	0.0046559144	0.00858657
2013-01-01	0.71	-0.54	-1.1	-0.1	-0.11426515	11.099011	0.062215794000000005	-0.09171293	0.15392871	0.12545782	0.032331146
2013-02-01	2.84	-0.51	-1.42	-0.4	0.08627052	14.652406	0.020596378000000002	-0.18261324	0.20320964	0.1936859	0.010712528
2013-03-01	2.31	-0.21	-1.48	2.5	-0.13739577	17.528246	0.020740777	-0.22235298	0.24309376	0.2323183	0.010775443999999999
2013-04-01	-0.07	-0.14	-0.72	0.4	0.044562884000000004	14.649813	0.037541036	-0.16563262	0.20317365	0.18387944	0.019522674
2013-05-01	0.88	-0.28	-0.4	1.3	-3.817611	1.5393754	0.09889532	0.07754621	0.021349117	0.00081871747	0.05029227
2013-06-01	0.23	-0.29	-1.19	2.0	-3.9018154000000003	0.02596904	0.109465554	0.10910539999999999	0.0003601565	0.0	0.055634588
2013-07-01	1.17	-0.27	-1.34	1.3	-6.021302700000001	0.0	0.08783283	0.08783283	0.0	0.0	0.044084102
2013-08-01	-3.25	-0.36	-1.56	0.3	-8.366736	0.0	0.07559595	0.07559595	0.0	0.0	0.037409514
2013-09-01	-2.72	-0.19	-1.0	0.5	-5.479366000000001	0.01080819	0.046032533	0.045882635	0.00014989541	0.0	0.023173615
2013-10-01	-1.39	-0.16	-1.65	-0.1	-3.1211822	0.17164576	0.09729907	0.094918564	0.0023805015	0.0	0.049676552
2013-11-01	1.07	-0.07	-1.09	1.2	-2.6440017000000005	0.2408362	0.056055125	0.05271505	0.0033400818	0.0	0.02869705
2013-12-01	0.77	-0.13	-1.04	0.1	-1.6845854999999998	0.24623853	0.038243517000000005	0.03482851	0.003415005	0.0	0.019690132
2014-01-01	-0.13	-0.5	-0.57	2.4	-0.57184005	6.6363573	0.020024158	-0.07201341	0.092037566	0.0831916	0.010376638
2014-02-01	0.36	-0.61	-0.42	0.1	-0.67910635	7.557220500000001	0.039464235	-0.0653445	0.10480872	0.08815983	0.020439686000000002
2014-03-01	1.34	-0.23	0.3	-1.5	-1.4428421999999999	5.638029	0.091154784	0.012962728	0.078192055	0.04235097	0.047000717000000004
2014-04-01	1.18	0.19	0.36	1.3	-1.5221114	1.5615646	0.047653258	0.025996407000000003	0.02165685	0.011011918	0.024557421
2014-05-01	-1.62	0.44	1.27	0.9	-2.8029165000000003	1.3135191000000002	0.12434811	0.10613132	0.018216786999999998	2.1441729999999997e-05	0.06361359999999999
2014-06-01	-0.21	0.37	-0.28	0.3	-4.6930237	0.0009219147599999999	0.07595978	0.075946994	1.27857475e-05	0.0	0.0384261
2014-07-01	0.68	0.05	0.25	-0.3	-3.450746	0.0060850633	0.056203092999999996	0.0561187	8.439183e-05	0.0	0.028637584
2014-08-01	1.97	-0.01	0.34	-1.2	-5.741568	0.0	0.049977757000000005	0.049977757000000005	0.0	0.0	0.025124168
2014-09-01	-1.62	0.28	0.76	-1.2	-4.543437	0.0	0.059012756	0.059012756	0.0	0.0	0.029881604
2014-10-01	1.32	0.48	1.43	-1.0	-3.3387365	0.047233403	0.09002902	0.08937395	0.0006550653	0.0	0.04590415
2014-11-01	0.35	0.83	1.35	-1.5	-2.885418	0.07574249999999999	0.08049767	0.07944722	0.0010504491	0.0	0.04115495
2014-12-01	2.45	0.75	1.86	-0.9	-1.239028	0.63739085	0.05196558	0.04312581	0.008839775	0.0031458053000000003	0.026822832999999997
2015-01-01	1.35	0.5	1.5	-1.4	-0.01520831	15.562753	0.021512208999999997	-0.19432274	0.21583493	0.20465478	0.011180161999999999
2015-02-01	4.92	0.43	1.52	0.4	0.2275529	18.872395	0.02600515	-0.23573019	0.26173535	0.24819691	0.013538412
2015-03-01	0.88	0.52	1.33	-1.2	-0.22348310000000002	10.52539	0.062434874	-0.08353846	0.14597331	0.11676691	0.032417953
2015-04-01	2.03	0.81	0.89	-0.1	-1.1312838	5.2226186	0.03480452	-0.037626345	0.072430864	0.057483673	0.017972913
2015-05-01	0.41	1.04	0.32	-1.2	-3.0032372000000005	0.50913113	0.07234968	0.06528871	0.0070609795	1.5936965e-05	0.036965508
2015-06-01	2.41	1.31	0.81	-0.9	-7.1371535999999995	0.0	0.10879359400000001	0.10879359400000001	0.0	0.0	0.054239117
2015-07-01	2.0	1.57	1.4	-1.9	-7.7859144	0.0	0.08126606	0.08126606	0.0	0.0	0.040358566
2015-08-01	1.86	1.95	0.98	-2.4	-6.3490953	0.0	0.061870664000000006	0.061870664000000006	0.0	0.0	0.03098726
2015-09-01	1.91	2.2	0.96	-2.7	-7.561043700000001	0.0	0.08107438	0.08107438	0.0	0.0	0.04031347
2015-10-01	-0.66	2.41	0.84	-2.8	-3.2607684	0.029246485	0.06837608	0.06797046	0.0004056104	0.0	0.034878086
2015-11-01	1.46	2.8	0.17	-0.8	-2.3252623	0.07917395	0.09750211	0.09640407599999999	0.0010980387	0.0	0.050011314
2015-12-01	0.72	2.7	0.28	-0.9	-1.0057815	1.1306883	0.073804386	0.058123222999999995	0.01568116	0.0058170753	0.03814839
2016-01-01	3.13	2.56	0.74	-3.6	-0.43380457	9.755021000000001	0.032037567	-0.10325177	0.13528934	0.11932825	0.016612638
2016-02-01	1.35	2.27	1.29	-3.2	-0.3065909	9.715110000000001	0.047871258	-0.08686456	0.13473582	0.11414737	0.024844948
2016-03-01	4.36	1.67	1.55	-0.1	0.046837375	15.7764225	0.04128934	-0.17750892	0.21879826	0.19752003	0.021474551
2016-04-01	1.06	1.01	1.73	-2.0	-3.2513377999999995	1.9577459	0.055547192999999995	0.02839583	0.027151365	0.008616842	0.028338662999999997
2016-05-01	-0.92	0.42	1.6	0.7	-2.2669083999999997	0.96412694	0.042788755	0.029417578	0.013371175	0.006702517	0.021953996
2016-06-01	3.66	0.1	0.85	1.1	-2.2475877	0.53749406	0.08530698	0.07785265	0.007454336	0.0	0.04377851
2016-07-01	0.81	-0.36	0.56	0.7	-4.3704658	0.028920729	0.045368157	0.04496706599999999	0.00040109252	0.0	0.022992171000000002
2016-08-01	-1.28	-0.56	-0.61	1.2	-6.9905976999999995	0.048783414000000004	0.06518889	0.06451233	0.0006765619	0.0	0.03252768
2016-09-01	2.46	-0.58	-0.81	2.0	-2.1537504000000003	1.3020992	0.06796255	0.049904145	0.018058406000000003	0.0043466897	0.03489283
2016-10-01	-0.89	-0.69	-0.43	-0.4	-2.1580412	0.27388817	0.05408874	0.050290275	0.003798469	0.0	0.027771853
2016-11-01	-3.12	-0.68	0.96	-0.2	-1.7901862000000002	1.0209470999999999	0.036285516000000004	0.02212632	0.014159196	0.0070521166	0.018666686000000002
2016-12-01	-1.52	-0.47	0.6	0.5	-0.7573582	3.101234	0.027770469	-0.01523957	0.04301004	0.033255517000000005	0.014378116000000002
2017-01-01	-1.12	-0.44	-0.05	0.3	0.25768176	18.490337	0.035626113	-0.22081056	0.25643668	0.23788515	0.01855153
2017-02-01	-1.09	-0.07	-0.01	-0.1	0.86939913	32.150974	0.012612021499999999	-0.43327978	0.44589179999999995	0.4392979	0.006593875999999999
2017-03-01	-1.56	0.08	0.1	1.5	0.26203117	27.84743	0.0048171229999999995	-0.38139015	0.38620722	0.38369954	0.0025077092
2017-04-01	1.65	0.32	0.56	-0.3	-1.9114209999999998	8.486744999999999	0.045973543	-0.071726464	0.1177	0.09524139	0.02364061
2017-05-01	1.82	0.49	0.45	0.4	-2.3510065	3.3453476	0.07025522	0.023859642	0.046395577	0.023916075	0.03603449
2017-06-01	1.98	0.47	0.35	-0.7	-4.847769	0.037818376	0.06347012	0.06294563	0.00052449125	0.0	0.03207568
2017-07-01	0.16	0.37	-0.43	1.3	-4.1134844	0.066829234	0.110862985	0.10993616	0.0009268338	0.0	0.05627764
2017-08-01	0.31	-0.14	-0.63	0.9	-5.439422599999999	0.042266846	0.10960715	0.10902096	0.00058618566	0.0	0.05520186
2017-09-01	0.42	-0.43	-0.19	1.0	-4.4080915	0.007466161	0.09592733	0.09582379	0.00010354584999999999	0.0	0.04860652
2017-10-01	-0.64	-0.52	-0.68	1.5	-3.3802056000000005	0.0	0.097032495	0.097032495	0.0	0.0	0.04946732
2017-11-01	3.18	-0.89	-0.59	1.5	-2.0303824	1.6726279999999998	0.03261718	0.009420028	0.023197153999999998	0.012355838000000001	0.01675989
2017-12-01	1.44	-0.95	-0.03	-0.2	-0.57439977	5.166201999999999	0.04488912	-0.026759319	0.07164844	0.05375653	0.023258531000000002
2018-01-01	2.72	-0.98	0.4	1.8	0.37731149999999997	19.447979	0.035243023	-0.23447491	0.26971796	0.25280473	0.018365698
2018-02-01	1.02	-0.77	-0.07	-0.8	1.2800303999999998	37.691345	0.010780103000000001	-0.51194936	0.52272946	0.51708114	0.0056482880000000004
2018-03-01	-0.03	-0.76	-0.71	2.4	0.14362021	26.033697	0.023869975	-0.3371832	0.3610532	0.34863088	0.012422335
2018-04-01	-1.66	-0.4	-0.81	0.8	-1.0196577	7.145752000000001	0.07826357	-0.020838626000000002	0.09910219999999999	0.06586785	0.040456496
2018-05-01	0.01	-0.08	-0.45	0.6	-2.4270377	1.2674823	0.064886846	0.047308538	0.017578317	0.0031547113000000002	0.03326091
2018-06-01	-1.57	0.18	-0.65	-0.2	-3.9272641999999998	0.32683334	0.052511852000000005	0.047979105	0.0045327493	0.0	0.026685237999999997
2018-07-01	0.55	0.24	-0.01	0.4	-4.1893616	0.16889918	0.0638791	0.06153669	0.00234241	0.0	0.032407764
2018-08-01	-0.78	0.11	-0.21	-0.5	-4.316776	0.0	0.10065626	0.10065626	0.0	0.0	0.05102934
2018-09-01	1.83	0.46	-0.35	-1.5	-3.5556285000000005	0.37786296	0.05212351	0.04688304	0.005240463	0.00024570062	0.026544504
2018-10-01	2.76	0.94	-0.57	0.6	-2.7472038	0.17122917	0.04079981	0.038425084	0.0023747238	0.0	0.020875013
2018-11-01	2.84	0.98	-0.69	-0.1	-1.2019365	2.878484	0.0737078	0.03378701	0.039920792000000004	0.019550579	0.038056076
2018-12-01	1.44	0.93	-0.2	1.7	-0.38241765	5.9853816	0.054162398	-0.028846985	0.083009385	0.06423017	0.02809443
2019-01-01	2.79	0.64	-0.34	-0.1	-0.15068135	8.601881	0.050314702	-0.068982095	0.11929680000000001	0.09857504	0.02614079
2019-02-01	-1.87	0.72	-0.72	-2.3	-0.6223071	8.709204	0.01778916	-0.10299606	0.120785214	0.11239708	0.009216036
2019-03-01	1.47	0.85	-0.34	-0.5	-0.26405755	13.360547	0.04728517	-0.13800807	0.18529323	0.16364533	0.024549188
2019-04-01	0.86	0.73	0.1	0.2	-1.3034993000000001	8.396355999999999	0.05716872	-0.059277702	0.11644643	0.09220809	0.029497607000000002
2019-05-01	-0.11	0.67	0.27	-0.7	-3.7218611000000004	2.7901816000000004	0.052368008	0.013671855	0.038696155	0.022134163999999998	0.026643924
2019-06-01	2.21	0.59	-0.05	-0.7	-3.8237169	0.016790345	0.09160878	0.09137592	0.00023286005	0.0	0.046584528
2019-07-01	-2.2	0.47	0.55	-0.6	-3.9426517	0.0	0.047880728	0.047880728	0.0	0.0	0.024329016000000002
2019-08-01	-2.04	0.06	0.01	-0.2	-4.8078556	0.0	0.052446492000000004	0.052446492000000004	0.0	0.0	0.026512532000000002
2019-09-01	0.81	0.02	0.13	-1.9	-4.275648	0.0	0.088084884	0.088084884	0.0	0.0	0.044667985
2019-10-01	-1.97	0.53	-0.89	-0.6	-3.4654412000000003	0.9372523000000001	0.052489817	0.03949136	0.012998458999999999	0.0046165143	0.026744748
2019-11-01	-4.42	0.59	-0.49	-1.4	-1.2122582	3.3067547999999993	0.03727632	-0.008584028	0.04586035	0.031864025	0.01924502
2019-12-01	-1.78	0.56	0.0	-0.9	-0.75720555	7.341697999999999	0.02444101	-0.0773787	0.10181972	0.09133162	0.0126545625
2020-01-01	0.57	0.6	-1.41	0.3	0.8482315	29.798885	0.0019925348	-0.41127887	0.4132714	0.41223052	0.0010408963
2020-02-01	-0.36	0.38	-1.48	-0.1	1.1180264	37.588852	0.02019051	-0.50111747	0.52130795	0.51073813	0.010569853
2020-03-01	2.05	0.53	-1.75	-0.2	0.097276874	22.972494	0.041969035	-0.27662929999999997	0.31859836	0.2967619	0.02183646
2020-04-01	-1.72	0.47	-1.32	0.3	-0.90364254	15.249128	0.037605748	-0.17387964	0.2114854	0.19203667	0.01944873
2020-05-01	1.03	-0.15	-0.52	0.7	-2.096126	0.83706737	0.039135203	0.027526176	0.011609023999999999	0.004723791	0.020097995
2020-06-01	1.18	-0.2	-0.76	-0.6	-2.8083515	1.0331492	0.069294855	0.054966427000000005	0.014328423	0.0017251965	0.03544444
2020-07-01	-0.97	-0.19	-0.91	0.7	-3.7293608	0.019986885	0.043828484	0.04355129	0.00027719184	0.0	0.022291146
2020-08-01	-2.2	-0.57	-1.32	1.8	-7.3410034	0.40896678	0.089382604	0.083710775	0.0056718322	0.0	0.044506367000000005
2020-09-01	-0.25	-0.84	-1.04	1.5	-5.2759295	0.0065783123	0.08292988	0.08283865	9.1232556e-05	0.0	0.04180615
2020-10-01	1.79	-1.21	-0.62	0.8	-3.2013533	0.0035620402000000003	0.0901938	0.0901444	4.940081600000001e-05	0.0	0.04602645
2020-11-01	1.14	-1.33	-1.58	1.1	-0.9882325999999999	2.2534535	0.057724092000000005	0.026471654	0.03125244	0.017583456	0.029839415
2020-12-01	2.28	-1.14	-0.99	3.0	-0.3359353	8.902692	0.02542729	-0.098041356	0.123468645	0.11355254	0.013189935
