time	HGT	T2	PDD	SF	SMB	MELT	Q	RZ
1959-01-01	212.41176	-1.0876371	1.6938818	0.036832396	-0.010134329	0.04696672	0.041302413	0.019032994
1959-02-01	212.41176	-1.6875826	0.121070415	0.05527867	0.051921718	0.0033569522	0.0016698977	0.028464932
1959-03-01	212.41176	-1.9825612	1.6478487	0.06036593	0.014675584	0.045690347	0.03591399	0.031030146
1959-04-01	212.41176	-6.7474194	0.0	0.031862956	0.031862956	0.0	0.0	0.015924972
1959-05-01	212.41176	-5.964762	0.0035687615	0.06381267	0.06371372	9.895203e-05	0.0	0.032041416
1959-06-01	212.41176	-7.627136	0.0	0.045500886	0.045500886	0.0	0.0	0.022620155
1959-07-01	212.41176	-10.411652	0.0	0.090815686	0.090815686	0.0	0.0	0.044386532
1959-08-01	212.41176	-10.8461895	0.0	0.071906075	0.071906075	0.0	0.0	0.035050455
1959-09-01	212.41176	-7.285774	0.0	0.045252018	0.045252018	0.0	0.0	0.022542238
1959-10-01	212.41176	-5.237914	0.0033694997	0.06260862	0.0625152	9.3427036e-05	0.0	0.031573873
1959-11-01	212.41176	-4.6190834	0.0	0.03363178	0.03363178	0.0	0.0	0.01702267
1959-12-01	212.41176	-2.044386	0.07506965	0.019564644	0.017483165	0.0020814766	0.0014723911	0.010054298
1960-01-01	212.41176	-0.81917	3.6211207	0.03207319	-0.068330616	0.1004038	0.09283172	0.016599853
1960-02-01	212.41176	-0.96201783	3.3204849	0.08133298	-0.010735022	0.092067994	0.0763587	0.04205647
1960-03-01	212.41176	-0.6684475	8.728627	0.0289483	-0.21307272	0.24202102	0.22702546	0.014995549
1960-04-01	212.41176	-6.0600553	0.0	0.06833211	0.06833211	0.0	0.0	0.034290515
1960-05-01	212.41176	-6.29322	0.035603244	0.04922578	0.0482386	0.0009871809	0.0	0.024668913
1960-06-01	212.41176	-8.164403	0.0	0.04792302	0.04792302	0.0	0.0	0.023747627
1960-07-01	212.41176	-8.619064	0.0	0.044912767	0.044912767	0.0	0.0	0.022193557
1960-08-01	212.41176	-7.785832	0.0	0.057686802	0.057686802	0.0	0.0	0.028650213
1960-09-01	212.41176	-5.3058	0.0	0.11174167	0.11174167	0.0	0.0	0.05632762
1960-10-01	212.41176	-5.524387	0.020784266	0.06325667	0.06268037	0.000576291	0.0	0.03184491
1960-11-01	212.41176	-4.2560115	0.13195263	0.06817253	0.06451385	0.0036586863	0.0	0.034580823
1960-12-01	212.41176	-2.3785934	0.02749993	0.013521229	0.012758731	0.000762498	0.00033985055	0.0069343834
1961-01-01	212.41176	-0.39255467	8.193699	0.03288111	-0.19430779	0.2271889	0.21133673	0.01705869
1961-02-01	212.41176	-0.6108886	6.7022758	0.06190148	-0.123934336	0.18583582	0.15667297	0.03207411
1961-03-01	212.41176	-2.0306392	2.3031976	0.060120113	-0.0037412732	0.06386139	0.05053415	0.030895472
1961-04-01	212.41176	-4.862248	0.0	0.039900288	0.039900288	0.0	0.0	0.020167075
1961-05-01	212.41176	-6.480104	0.0	0.07231964	0.07231964	0.0	0.0	0.03620148
1961-06-01	212.41176	-7.912203	0.0	0.077778764	0.077778764	0.0	0.0	0.03859849
1961-07-01	212.41176	-9.40755	0.0	0.03674218	0.03674218	0.0	0.0	0.018069774
1961-08-01	212.41176	-7.856474	0.0	0.041429847	0.041429847	0.0	0.0	0.020568013
1961-09-01	212.41176	-6.0860777	0.0	0.046496365	0.046496365	0.0	0.0	0.02332968
1961-10-01	212.41176	-4.611174	0.27895042	0.10682257	0.09908803	0.0077345334	0.0	0.054073945
1961-11-01	212.41176	-3.534221	0.30993113	0.04875272	0.04015917	0.008593546	0.0015938571	0.024834592
1961-12-01	212.41176	-2.15828	0.014531753	0.04642014	0.04601721	0.00040292586	0.0	0.023838405
1962-01-01	212.41176	-0.34947547	7.6147857	0.011536855	-0.19960037	0.21113724	0.20688118	0.005987291
1962-02-01	212.41176	-0.12183353	12.930978	0.019728305	-0.33881244	0.35854077	0.34828916	0.010251569
1962-03-01	212.41176	-1.7367213	5.2455516	0.049339976	-0.09610485	0.14544483	0.12710525	0.025399776
1962-04-01	212.41176	-3.4053626	0.056951188	0.046774145	0.045195043	0.0015791011	0.0	0.023846071
1962-05-01	212.41176	-5.004272	0.0	0.03489513	0.03489513	0.0	0.0	0.01762213
1962-06-01	212.41176	-6.1699257	0.0	0.105106965	0.105106965	0.0	0.0	0.05271057
1962-07-01	212.41176	-6.9996343	0.0	0.05292793	0.05292793	0.0	0.0	0.026411775
1962-08-01	212.41176	-6.36104	0.0	0.048447255	0.048447255	0.0	0.0	0.024269179
1962-09-01	212.41176	-6.7828364	0.25864187	0.0831513	0.075979866	0.0071714334	0.0	0.041548323
1962-10-01	212.41176	-3.6750875	0.12128583	0.06541001	0.06204709	0.0033629255	0.0012696504	0.03329351
1962-11-01	212.41176	-3.8955176	0.38601685	0.035061754	0.024358563	0.010703194	0.00493316	0.017823648
1962-12-01	212.41176	-2.0787022	0.056728587	0.027433626	0.025860697	0.001572929	0.0007177701	0.014095405
1963-01-01	212.41176	-0.55575055	6.8279004	0.010230667	-0.1790884	0.18931906	0.18446794	0.0053027626
1963-02-01	212.41176	-0.73361975	8.404855	0.0683375	-0.16470622	0.23304372	0.20579	0.03538316
1963-03-01	212.41176	-2.171061	2.6056519	0.087476574	0.015228961	0.07224762	0.053294364	0.04491644
1963-04-01	212.41176	-6.445128	0.0	0.074827015	0.074827015	0.0	0.0	0.037463434
1963-05-01	212.41176	-4.489342	0.0	0.069524765	0.069524765	0.0	0.0	0.03521607
1963-06-01	212.41176	-9.125365	0.0	0.043961227	0.043961227	0.0	0.0	0.021657154
1963-07-01	212.41176	-8.375952	0.0	0.05960474	0.05960474	0.0	0.0	0.029497698
1963-08-01	212.41176	-8.798219	0.0	0.05357284	0.05357284	0.0	0.0	0.026444204
1963-09-01	212.41176	-7.561201	0.0	0.04319468	0.04319468	0.0	0.0	0.021482883
1963-10-01	212.41176	-7.4180655	0.0	0.06025857	0.06025857	0.0	0.0	0.029994618
1963-11-01	212.41176	-3.2329953	0.019633574	0.04376298	0.04321859	0.00054438546	0.0	0.02233338
1963-12-01	212.41176	-1.6910478	1.0346195	0.069577426	0.040890258	0.028687177	0.017173452	0.035827167
1964-01-01	212.41176	-0.8486482	4.2315154	0.07011415	-0.04721422	0.11732837	0.097373754	0.03627961
1964-02-01	212.41176	-0.7656487	5.0415363	0.065451466	-0.07433658	0.13978803	0.123569295	0.03388572
1964-03-01	212.41176	-2.2880974	2.9087775	0.045205526	-0.035446946	0.08065246	0.068847895	0.023195453
1964-04-01	212.41176	-5.773641	0.0	0.072118066	0.072118066	0.0	0.0	0.036252365
1964-05-01	212.41176	-5.732918	0.0	0.06611543	0.06611543	0.0	0.0	0.03324461
1964-06-01	212.41176	-9.3752165	0.0	0.028005311	0.028005311	0.0	0.0	0.013775692
1964-07-01	212.41176	-8.049274	0.0	0.07470564	0.07470564	0.0	0.0	0.037043512
1964-08-01	212.41176	-12.923995	0.0	0.06176323	0.06176323	0.0	0.0	0.029721526
1964-09-01	212.41176	-5.9517055	0.030343449	0.05438283	0.05354149	0.00084134104	0.0	0.027309434
1964-10-01	212.41176	-3.2161312	0.27253634	0.089468494	0.0819118	0.007556689	0.0025523447	0.045663483
1964-11-01	212.41176	-2.8778703	0.08786729	0.045373075	0.042936753	0.0024363203	0.000816597	0.023203496
1964-12-01	212.41176	-2.004969	0.25178978	0.02144642	0.014464976	0.006981443	0.004828135	0.011023635
1965-01-01	212.41176	-0.44336724	8.950161	0.019106535	-0.22905701	0.24816357	0.23864298	0.009908962
1965-02-01	212.41176	-0.7171733	5.417039	0.0148800155	-0.1353197	0.15019971	0.14454451	0.0077056843
1965-03-01	212.41176	-0.91340005	5.8300567	0.03016506	-0.1314865	0.16165157	0.1486791	0.015604075
1965-04-01	212.41176	-4.6381264	0.05255486	0.061611976	0.06015478	0.001457203	0.0	0.03118252
1965-05-01	212.41176	-5.0991235	0.00792739	0.077103876	0.07688407	0.00021980489	0.0	0.038914733
1965-06-01	212.41176	-6.543637	0.01853853	0.10468539	0.104171365	0.0005140229	0.0	0.052382883
1965-07-01	212.41176	-8.858833	0.0	0.071003385	0.071003385	0.0	0.0	0.03503406
1965-08-01	212.41176	-8.376823	0.0	0.04363418	0.04363418	0.0	0.0	0.021593045
1965-09-01	212.41176	-5.9657445	0.004107307	0.094056316	0.09394243	0.000113884416	0.0	0.04722886
1965-10-01	212.41176	-6.8482265	0.0	0.070312046	0.070312046	0.0	0.0	0.035118327
1965-11-01	212.41176	-3.4515128	0.064609304	0.053339206	0.051547766	0.0017914397	0.0	0.027184408
1965-12-01	212.41176	-2.4449646	0.3534528	0.039867517	0.030067233	0.009800281	0.0038683529	0.020439086
1966-01-01	212.41176	-0.6240653	5.4962697	0.022263592	-0.13013299	0.15239656	0.14480838	0.011535189
1966-02-01	212.41176	-1.4583268	3.4092011	0.02637449	-0.06815337	0.09452785	0.08675248	0.01359814
1966-03-01	212.41176	-1.973252	3.477302	0.03240411	-0.06401199	0.0964161	0.08244338	0.016657751
1966-04-01	212.41176	-4.0893884	0.028937845	0.052402407	0.051600043	0.00080236746	0.0	0.02660713
1966-05-01	212.41176	-5.3002276	0.0012817383	0.06908878	0.06905324	3.5539106e-05	0.0	0.03482633
1966-06-01	212.41176	-8.582839	0.0	0.045991614	0.045991614	0.0	0.0	0.022732163
1966-07-01	212.41176	-9.88235	0.0	0.052618656	0.052618656	0.0	0.0	0.025802733
1966-08-01	212.41176	-7.473684	0.0	0.0528693	0.0528693	0.0	0.0	0.026308065
1966-09-01	212.41176	-7.2080035	0.0	0.06777526	0.06777526	0.0	0.0	0.03377952
1966-10-01	212.41176	-4.5216994	0.0	0.051345322	0.051345322	0.0	0.0	0.026004765
1966-11-01	212.41176	-3.7458522	0.0	0.04062426	0.04062426	0.0	0.0	0.02066906
1966-12-01	212.41176	-2.0761757	0.21352072	0.025017975	0.01909763	0.005920347	0.0035687617	0.012853659
1967-01-01	212.41176	-0.6785608	5.0203896	0.0032792415	-0.13592245	0.1392017	0.13803662	0.0016981533
1967-02-01	212.41176	-1.2702563	3.191304	0.036314603	-0.052171554	0.08848615	0.07668429	0.018745445
1967-03-01	212.41176	-1.3261366	2.4794796	0.042036984	-0.026712218	0.068749204	0.058290176	0.021692932
1967-04-01	212.41176	-3.4867568	0.0	0.07983613	0.07983613	0.0	0.0	0.040679686
1967-05-01	212.41176	-7.3604393	0.0	0.068765774	0.068765774	0.0	0.0	0.034240305
1967-06-01	212.41176	-7.099964	0.0	0.070708945	0.070708945	0.0	0.0	0.035262648
1967-07-01	212.41176	-7.204285	0.0	0.04979842	0.04979842	0.0	0.0	0.02481865
1967-08-01	212.41176	-6.9355354	0.0	0.052246816	0.052246816	0.0	0.0	0.02608075
1967-09-01	212.41176	-6.456214	0.0	0.050949357	0.050949357	0.0	0.0	0.02550852
1967-10-01	212.41176	-5.389013	0.0	0.03987405	0.03987405	0.0	0.0	0.020092012
1967-11-01	212.41176	-4.0259247	0.0	0.10832192	0.10832192	0.0	0.0	0.0550201
1967-12-01	212.41176	-2.161189	0.02230117	0.036243282	0.035624932	0.0006183506	0.0	0.018612245
1968-01-01	212.41176	-0.6501436	5.2353587	0.023416473	-0.12174574	0.14516221	0.13660759	0.012130583
1968-02-01	212.41176	-1.1957033	2.6545105	0.035977777	-0.03762456	0.07360234	0.06295759	0.018579056
1968-03-01	212.41176	-1.9719095	0.43918923	0.027775597	0.015598078	0.0121775195	0.00797603	0.014278719
1968-04-01	212.41176	-3.2772884	0.428684	0.02961623	0.017729986	0.011886239	0.006841713	0.015110246
1968-05-01	212.41176	-4.4698606	0.053612202	0.06532127	0.06383474	0.0014865203	0.0	0.033090815
1968-06-01	212.41176	-6.2189126	0.0	0.076134235	0.076134235	0.0	0.0	0.038170986
1968-07-01	212.41176	-5.978008	0.0	0.09648628	0.09648628	0.0	0.0	0.048442427
1968-08-01	212.41176	-8.004739	0.0	0.06688235	0.06688235	0.0	0.0	0.03317296
1968-09-01	212.41176	-6.3348675	0.008756749	0.057380047	0.057137243	0.00024280079	0.0	0.0287488
1968-10-01	212.41176	-4.422887	0.17696066	0.05717643	0.052269794	0.0049066367	0.0005208852	0.028973876
1968-11-01	212.41176	-3.3229973	0.0	0.07032988	0.07032988	0.0	0.0	0.03586974
1968-12-01	212.41176	-2.079527	0.07159244	0.030876338	0.028891278	0.0019850633	0.0010415872	0.015862798
1969-01-01	212.41176	-1.1308696	1.6951258	0.04868875	0.0016875364	0.047001213	0.03844058	0.025152966
1969-02-01	212.41176	-0.5871015	5.7653594	0.036503017	-0.12335467	0.15985769	0.14501178	0.01891647
1969-03-01	212.41176	-2.5595632	0.37852567	0.042037126	0.03154164	0.010495485	0.004477908	0.02153609
1969-04-01	212.41176	-3.7956288	0.014811796	0.08491616	0.08450547	0.0004106907	0.0	0.04319009
1969-05-01	212.41176	-5.44487	0.0	0.06036633	0.06036633	0.0	0.0	0.030404996
1969-06-01	212.41176	-8.66699	0.0	0.056182474	0.056182474	0.0	0.0	0.027753802
1969-07-01	212.41176	-8.493651	0.021403594	0.03748948	0.03689602	0.00059346325	0.0	0.018539423
1969-08-01	212.41176	-7.413591	0.0	0.0565137	0.0565137	0.0	0.0	0.028130995
1969-09-01	212.41176	-5.073968	0.0	0.07313249	0.07313249	0.0	0.0	0.036916625
1969-10-01	212.41176	-6.815564	0.0	0.06681514	0.06681514	0.0	0.0	0.03337754
1969-11-01	212.41176	-3.5498896	0.01953843	0.07314289	0.07260114	0.0005417474	0.0	0.037256364
1969-12-01	212.41176	-1.7724828	0.46605188	0.039516985	0.026594637	0.0129223475	0.0068686116	0.02033839
1970-01-01	212.41176	-0.88038594	2.9652781	0.006813067	-0.07540601	0.08221907	0.08098449	0.0035244639
1970-02-01	212.41176	-1.3623078	1.4818151	0.021316543	-0.01977015	0.041086692	0.03663819	0.0109969955
1970-03-01	212.41176	-1.9893081	1.1235639	0.045768924	0.014615564	0.03115336	0.022598429	0.023527183
1970-04-01	212.41176	-4.3873158	0.41348267	0.081331946	0.06986719	0.011464747	0.0018752702	0.041220907
1970-05-01	212.41176	-6.1298366	0.0	0.051989317	0.051989317	0.0	0.0	0.026080022
1970-06-01	212.41176	-6.675849	0.0	0.045283627	0.045283627	0.0	0.0	0.022640167
1970-07-01	212.41176	-5.728894	0.0	0.09110616	0.09110616	0.0	0.0	0.045810312
1970-08-01	212.41176	-7.4300327	0.022590188	0.043927323	0.043300956	0.00062636426	0.0	0.021864463
1970-09-01	212.41176	-3.4522872	0.00508746	0.07720648	0.077065416	0.00014106138	0.0	0.03934872
1970-10-01	212.41176	-3.5631745	0.0007467831	0.05343417	0.05341347	2.0706257e-05	0.0	0.027215919
1970-11-01	212.41176	-2.6000516	0.021570543	0.035334915	0.034736827	0.0005980923	0.0	0.01810003
1970-12-01	212.41176	-2.0046308	0.080200195	0.0259988	0.023775069	0.0022237326	0.0005731009	0.013362869
1971-01-01	212.41176	-0.8771424	2.8070123	0.033045374	-0.044785418	0.0778308	0.070850916	0.017096346
1971-02-01	212.41176	-1.1629372	2.243927	0.03146816	-0.030749818	0.06221798	0.051873107	0.016253378
1971-03-01	212.41176	-1.6359233	2.3801844	0.05174254	-0.014253482	0.06599601	0.053815734	0.026652033
1971-04-01	212.41176	-3.171915	0.09575518	0.053049244	0.050394215	0.0026550302	0.0010003384	0.027080324
1971-05-01	212.41176	-6.482235	0.0	0.036716767	0.036716767	0.0	0.0	0.018378237
1971-06-01	212.41176	-4.494794	0.0	0.045336217	0.045336217	0.0	0.0	0.02296448
1971-07-01	212.41176	-8.158607	0.0	0.038988598	0.038988598	0.0	0.0	0.019320259
1971-08-01	212.41176	-7.5432677	0.0	0.101462625	0.101462625	0.0	0.0	0.050464477
1971-09-01	212.41176	-5.4034605	0.0	0.06284874	0.06284874	0.0	0.0	0.031662367
1971-10-01	212.41176	-4.0377812	0.007266774	0.045156542	0.044955056	0.00020148781	0.0	0.022936082
1971-11-01	212.41176	-2.729854	0.0111317355	0.04494562	0.04463697	0.00030865264	0.0	0.023004621
1971-12-01	212.41176	-2.2364156	0.0	0.017971147	0.017971147	0.0	0.0	0.009224792
1972-01-01	212.41176	-0.79946053	3.6345413	0.04285563	-0.057920285	0.10077592	0.09194648	0.0221817
1972-02-01	212.41176	-0.796574	5.0371847	0.02296311	-0.116704285	0.13966739	0.12938273	0.011885159
1972-03-01	212.41176	-1.4490722	2.504224	0.053281713	-0.016153585	0.0694353	0.0547482	0.027473325
1972-04-01	212.41176	-2.8725345	1.1182035	0.09288411	0.061879367	0.031004734	0.015544913	0.047497835
1972-05-01	212.41176	-4.277557	0.12267348	0.06535143	0.061950017	0.0034014012	0.0	0.033143893
1972-06-01	212.41176	-7.3132753	0.0	0.05094074	0.05094074	0.0	0.0	0.025371933
1972-07-01	212.41176	-7.4587154	0.0	0.061392643	0.061392643	0.0	0.0	0.03055135
1972-08-01	212.41176	-9.271405	0.0	0.05420415	0.05420415	0.0	0.0	0.026679102
1972-09-01	212.41176	-5.2828116	0.0	0.063659966	0.063659966	0.0	0.0	0.03209571
1972-10-01	212.41176	-4.5124	0.0	0.023187224	0.023187224	0.0	0.0	0.011743581
1972-11-01	212.41176	-2.9863145	0.0039960076	0.045043107	0.04493231	0.00011079839	0.0	0.023020187
1972-12-01	212.41176	-1.308648	1.4284973	0.039798055	0.0001897218	0.03960833	0.033253055	0.020539029
1973-01-01	212.41176	-0.92752904	3.7546458	0.009193681	-0.09491242	0.10410609	0.10047522	0.004755123
1973-02-01	212.41176	-0.39930263	8.209133	0.027165025	-0.20045187	0.22761688	0.21352349	0.014093401
1973-03-01	212.41176	-0.7449749	9.7579975	0.02932313	-0.24123952	0.27056268	0.25619698	0.01518256
1973-04-01	212.41176	-2.816615	1.0903643	0.0819172	0.05168436	0.03023283	0.016332727	0.041907035
1973-05-01	212.41176	-4.4680047	0.002416274	0.12659289	0.12652591	6.699669e-05	0.0	0.0641294
1973-06-01	212.41176	-7.0622425	0.0	0.06371493	0.06371493	0.0	0.0	0.031780746
1973-07-01	212.41176	-8.156886	0.0	0.02499402	0.02499402	0.0	0.0	0.0123865465
1973-08-01	212.41176	-6.940482	0.0	0.09136919	0.09136919	0.0	0.0	0.04561099
1973-09-01	212.41176	-5.646066	0.013668285	0.09179241	0.09141344	0.00037898426	0.0	0.046177648
1973-10-01	212.41176	-3.2649014	0.0016084559	0.044443298	0.0443987	4.4598095e-05	0.0	0.022677049
1973-11-01	212.41176	-2.478056	0.027595071	0.045064483	0.04429935	0.00076513604	0.0	0.023099212
1973-12-01	212.41176	-1.1309301	2.9730062	0.029051721	-0.053381633	0.08243336	0.074403964	0.015008684
1974-01-01	212.41176	0.027818473	15.478839	0.012051163	-0.41713485	0.429186	0.42291802	0.0062679974
1974-02-01	212.41176	0.8520929	27.103588	0.015798742	-0.7357098	0.7515085	0.743253	0.008255523
1974-03-01	212.41176	0.02458866	15.253009	0.031421088	-0.39150324	0.4229243	0.4065826	0.01634172
1974-04-01	212.41176	-2.7798584	0.5983025	0.0704409	0.053851604	0.016589299	0.006627937	0.036041997
1974-05-01	212.41176	-4.65792	0.018626494	0.06939869	0.06888222	0.00051646185	0.0	0.03511869
1974-06-01	212.41176	-6.852216	0.0023462633	0.040286094	0.040221035	6.505548e-05	0.0	0.020120895
1974-07-01	212.41176	-6.8430705	0.0	0.08273571	0.08273571	0.0	0.0	0.041325144
1974-08-01	212.41176	-8.805519	0.0	0.057835314	0.057835314	0.0	0.0	0.028546715
1974-09-01	212.41176	-8.098175	0.024367388	0.06924978	0.06857413	0.00067564123	0.0	0.03432788
1974-10-01	212.41176	-3.319734	0.0	0.10963527	0.10963527	0.0	0.0	0.055920914
1974-11-01	212.41176	-2.7998006	0.00071447034	0.039791565	0.039771758	1.9810315e-05	0.0	0.020358264
1974-12-01	212.41176	-1.1522236	1.6194404	0.03221615	-0.012686519	0.044902664	0.039348453	0.016640617
1975-01-01	212.41176	-0.48936626	5.7639823	0.045590296	-0.1142292	0.1598195	0.14948738	0.023639247
1975-02-01	212.41176	-0.5244977	7.6928244	0.026318235	-0.18698281	0.21330105	0.20022504	0.013643993
1975-03-01	212.41176	-1.0357425	5.980799	0.06337224	-0.102459006	0.16583124	0.14032811	0.03275747
1975-04-01	212.41176	-2.626273	1.0210571	0.057294752	0.028983625	0.02831113	0.019112844	0.029343491
1975-05-01	212.41176	-5.828128	0.0	0.08944068	0.08944068	0.0	0.0	0.044946034
1975-06-01	212.41176	-10.092103	0.0	0.038985327	0.038985327	0.0	0.0	0.019092558
1975-07-01	212.41176	-13.185997	0.0	0.053099822	0.053099822	0.0	0.0	0.025511533
1975-08-01	212.41176	-11.295942	0.0	0.047241002	0.047241002	0.0	0.0	0.022963911
1975-09-01	212.41176	-7.559597	0.0	0.069951	0.069951	0.0	0.0	0.034789402
1975-10-01	212.41176	-3.8730164	0.08220538	0.06733375	0.06505442	0.002279331	0.0	0.03423281
1975-11-01	212.41176	-3.2881732	0.0	0.034753606	0.034753606	0.0	0.0	0.01772996
1975-12-01	212.41176	-1.761385	1.3273836	0.044321142	0.007516416	0.03680473	0.024726402	0.022812419
1976-01-01	212.41176	-1.0328982	2.2064962	0.024678249	-0.036501873	0.061180122	0.0570372	0.012755366
1976-02-01	212.41176	-0.21921594	12.730723	0.030870494	-0.32211775	0.35298824	0.3369558	0.016032482
1976-03-01	212.41176	-1.0491554	4.7304077	0.03975791	-0.09140339	0.1311613	0.11658347	0.020549245
1976-04-01	212.41176	-1.0719442	5.076809	0.046448298	-0.09431778	0.14076605	0.124709494	0.024005301
1976-05-01	212.41176	-4.3276095	0.07496554	0.07469109	0.07261251	0.0020785898	0.0	0.037871998
1976-06-01	212.41176	-5.0911126	0.0	0.05395404	0.05395404	0.0	0.0	0.027233152
1976-07-01	212.41176	-16.22439	0.0	0.06955716	0.06955716	0.0	0.0	0.03278319
1976-08-01	212.41176	-11.987088	0.0	0.03980299	0.03980299	0.0	0.0	0.019266676
1976-09-01	212.41176	-6.6768017	0.0	0.06991489	0.06991489	0.0	0.0	0.03495589
1976-10-01	212.41176	-4.9213715	0.0	0.05681089	0.05681089	0.0	0.0	0.028704068
1976-11-01	212.41176	-2.5465739	0.12277222	0.046412606	0.043008465	0.0034041386	0.001408209	0.02378047
1976-12-01	212.41176	-1.8782343	0.12567498	0.025127377	0.021642754	0.0034846242	0.0027330176	0.012923816
1977-01-01	212.41176	-1.0496626	2.807576	0.03397255	-0.043873873	0.07784643	0.070860475	0.017559238
1977-02-01	212.41176	-1.0124227	3.7288263	0.026882673	-0.07650751	0.10339018	0.09399825	0.013898723
1977-03-01	212.41176	-1.606817	3.09764	0.039857358	-0.04603176	0.0858891	0.07343555	0.020533923
1977-04-01	212.41176	-1.8269743	1.7862351	0.07148324	0.021955801	0.049527433	0.036212455	0.036780924
1977-05-01	212.41176	-4.5454416	0.003588508	0.11447609	0.1143766	9.949954e-05	0.0	0.05796686
1977-06-01	212.41176	-7.7218494	0.0	0.054210987	0.054210987	0.0	0.0	0.026934385
1977-07-01	212.41176	-13.07423	0.0	0.020324787	0.020324787	0.0	0.0	0.00977241
1977-08-01	212.41176	-7.858186	0.0	0.062194727	0.062194727	0.0	0.0	0.03087635
1977-09-01	212.41176	-7.7162304	0.0	0.08230499	0.08230499	0.0	0.0	0.040896047
1977-10-01	212.41176	-5.753702	0.0	0.05180654	0.05180654	0.0	0.0	0.026046464
1977-11-01	212.41176	-2.9125443	0.09979607	0.050611816	0.04784474	0.0027670728	0.00041141603	0.02587681
1977-12-01	212.41176	-1.5690258	1.2560443	0.014984061	-0.01984262	0.034826677	0.031936627	0.007721142
1978-01-01	212.41176	-0.7422263	5.2133465	0.020393414	-0.12415848	0.14455187	0.1351175	0.01055939
1978-02-01	212.41176	-0.6373936	6.530681	0.019409781	-0.16166818	0.18107797	0.17141603	0.010056173
1978-03-01	212.41176	-1.8527708	3.0270853	0.030954048	-0.052978765	0.08393282	0.06960474	0.015924146
1978-04-01	212.41176	-2.904299	0.24967149	0.031801846	0.024879139	0.0069227098	0.003105952	0.016260738
1978-05-01	212.41176	-2.618125	0.2824725	0.018820373	0.010988182	0.007832192	0.004940172	0.009639432
1978-06-01	212.41176	-5.063679	0.005554199	0.11497322	0.11481922	0.00015400279	0.0	0.058040358
1978-07-01	212.41176	-13.855081	0.0	0.023193521	0.023193521	0.0	0.0	0.0110966815
1978-08-01	212.41176	-11.257679	0.0	0.06550282	0.06550282	0.0	0.0	0.03185024
1978-09-01	212.41176	-5.524927	0.0	0.05793054	0.05793054	0.0	0.0	0.029165728
1978-10-01	212.41176	-4.2959433	0.0	0.060465455	0.060465455	0.0	0.0	0.03066417
1978-11-01	212.41176	-3.6728415	0.0	0.01907899	0.01907899	0.0	0.0	0.00971166
1978-12-01	212.41176	-1.5364264	1.3831266	0.068874046	0.030523721	0.03835033	0.026946252	0.035497762
1979-01-01	212.41176	-0.5371046	7.6616893	0.018752007	-0.19368576	0.21243775	0.20390752	0.009721091
1979-02-01	212.41176	-0.73731923	5.660571	0.034876604	-0.12207559	0.15695219	0.14240791	0.01805784
1979-03-01	212.41176	-1.035331	5.4883533	0.03648743	-0.115689635	0.15217705	0.13958132	0.018859534
1979-04-01	212.41176	-1.8479534	3.2575846	0.09684744	0.006523512	0.09032394	0.07062222	0.049826186
1979-05-01	212.41176	-4.169072	0.019845402	0.04041365	0.039863393	0.00055025885	0.0	0.020509835
1979-06-01	212.41176	-5.417978	0.0	0.065762915	0.065762915	0.0	0.0	0.03312961
1979-07-01	212.41176	-5.0908947	0.0	0.11178741	0.11178741	0.0	0.0	0.05642308
1979-08-01	212.41176	-7.2117376	0.01206701	0.049981505	0.04964692	0.00033458526	0.0	0.024910217
1979-09-01	212.41176	-5.080254	0.0	0.062207244	0.062207244	0.0	0.0	0.031400625
1979-10-01	212.41176	-4.1675687	0.0	0.064944126	0.064944126	0.0	0.0	0.032960974
1979-11-01	212.41176	-2.976196	0.04490033	0.05437814	0.053133182	0.0012449638	0.0	0.02779118
1979-12-01	212.41176	-1.4540912	1.7091944	0.030628124	-0.016763171	0.0473913	0.04125762	0.015792282
1980-01-01	212.41176	-0.83829206	5.1614094	0.023762839	-0.11934896	0.1431118	0.13202976	0.012296347
1980-02-01	212.41176	-0.81153464	5.284535	0.03347811	-0.11304764	0.14652574	0.13449591	0.01732634
1980-03-01	212.41176	-2.2479398	1.7360965	0.03957381	-0.00856341	0.04813722	0.04071596	0.020311993
1980-04-01	212.41176	-5.627708	0.0	0.06837578	0.06837578	0.0	0.0	0.03440172
1980-05-01	212.41176	-4.477825	0.19905001	0.085540265	0.08002115	0.0055191135	0.0	0.043331787
1980-06-01	212.41176	-7.0988946	0.0	0.082983725	0.082983725	0.0	0.0	0.041384988
1980-07-01	212.41176	-12.857048	0.0	0.062298283	0.062298283	0.0	0.0	0.029992541
1980-08-01	212.41176	-11.3460245	0.0	0.069698825	0.069698825	0.0	0.0	0.033872243
1980-09-01	212.41176	-7.828143	0.0037016028	0.09726508	0.09716244	0.00010263535	0.0	0.04829484
1980-10-01	212.41176	-5.068813	0.03747738	0.06913215	0.06809301	0.0010391455	0.0	0.034899727
1980-11-01	212.41176	-4.1926236	0.0	0.0970608	0.0970608	0.0	0.0	0.049249537
1980-12-01	212.41176	-1.4202822	1.7945575	0.017401373	-0.03235681	0.049758185	0.046204243	0.00897484
1981-01-01	212.41176	-0.97822064	3.4492655	0.05035608	-0.045282643	0.095638715	0.084159695	0.026037
1981-02-01	212.41176	-0.9073426	5.3805795	0.021628922	-0.12755987	0.14918879	0.13865282	0.011188321
1981-03-01	212.41176	-1.6424689	2.8628953	0.037819315	-0.041560963	0.07938028	0.06719348	0.01947956
1981-04-01	212.41176	-2.4513059	1.3140097	0.05833772	0.021903817	0.036433905	0.02571458	0.029906115
1981-05-01	212.41176	-4.8167577	0.032488655	0.057954352	0.057053532	0.00090082176	0.0	0.029298842
1981-06-01	212.41176	-4.733885	0.13511029	0.037041336	0.033295095	0.00374624	0.0008280584	0.018736819
1981-07-01	212.41176	-5.12011	0.039866727	0.06592032	0.064814925	0.0011053956	0.0	0.033267353
1981-08-01	212.41176	-10.421299	0.0	0.08393914	0.08393914	0.0	0.0	0.04102502
1981-09-01	212.41176	-6.751752	0.00080781826	0.0404543	0.040431898	2.2398597e-05	0.0	0.020217562
1981-10-01	212.41176	-5.764338	0.070255056	0.07935712	0.07740914	0.0019479811	0.0	0.03989459
1981-11-01	212.41176	-3.0607846	0.76466995	0.056875397	0.03567318	0.021202214	0.01250525	0.029053718
1981-12-01	212.41176	-1.443915	1.5006571	0.05735797	0.015748844	0.041609127	0.028759914	0.029578669
1982-01-01	212.41176	-0.085012585	12.776864	0.011922143	-0.34234548	0.3542676	0.34807125	0.0061963727
1982-02-01	212.41176	-0.38992998	9.567212	0.036659006	-0.22861369	0.2652727	0.24625295	0.019019755
1982-03-01	212.41176	-1.0351106	8.164406	0.07386149	-0.15251523	0.22637668	0.18849161	0.038179126
1982-04-01	212.41176	-1.5305378	4.5501223	0.07135076	-0.054811712	0.12616247	0.10144033	0.036776178
1982-05-01	212.41176	-2.4450433	0.53570557	0.070311666	0.05545801	0.014853654	0.005041238	0.036046583
1982-06-01	212.41176	-3.8128917	0.018674962	0.039282806	0.038765	0.00051780575	0.0	0.019978287
1982-07-01	212.41176	-7.451832	0.0	0.07943624	0.07943624	0.0	0.0	0.039534915
1982-08-01	212.41176	-6.7797275	0.007773007	0.03765038	0.037434854	0.00021552427	0.0	0.018812843
1982-09-01	212.41176	-6.4315248	0.0	0.062487427	0.062487427	0.0	0.0	0.031287953
1982-10-01	212.41176	-5.3043413	0.0	0.06508941	0.06508941	0.0	0.0	0.03281099
1982-11-01	212.41176	-3.6439323	0.006202249	0.038392708	0.038220733	0.00017197145	0.0	0.01954512
1982-12-01	212.41176	-1.3384421	1.2352295	0.07156775	0.037318207	0.034249544	0.02342208	0.03692612
1983-01-01	212.41176	-0.61860037	6.173031	0.0315379	-0.13962342	0.1711613	0.16069433	0.01634062
1983-02-01	212.41176	-0.88335633	3.5122771	0.017626472	-0.07975939	0.09738586	0.09121889	0.009118808
1983-03-01	212.41176	-1.3781844	2.426212	0.08888748	0.021615239	0.067272246	0.040867224	0.045853823
1983-04-01	212.41176	-2.4050622	0.6537727	0.03683019	0.018702857	0.018127335	0.01242528	0.018886777
1983-05-01	212.41176	-4.057857	0.32621315	0.072620906	0.06357591	0.009045001	0.0016243582	0.0368797
1983-06-01	212.41176	-5.170721	0.098683074	0.047953237	0.045217022	0.0027362127	0.00021324394	0.024193726
1983-07-01	212.41176	-5.221918	0.11262781	0.06146462	0.058341756	0.003122862	0.0	0.031000776
1983-08-01	212.41176	-4.0250273	0.17067045	0.048364833	0.04363261	0.0047322256	0.000718082	0.024566878
1983-09-01	212.41176	-4.5652823	0.011347153	0.08321225	0.08289762	0.00031462562	0.0	0.042131033
1983-10-01	212.41176	-3.8089533	0.05558687	0.059919506	0.058378227	0.0015412724	0.0	0.030475035
1983-11-01	212.41176	-2.3588672	0.52234966	0.068107456	0.053624127	0.01448333	0.0037667435	0.03493426
1983-12-01	212.41176	-1.32692	1.6539899	0.030271113	-0.015589514	0.04586063	0.040982395	0.015620728
1984-01-01	212.41176	-0.9906882	3.583286	0.061819583	-0.037535165	0.09935475	0.0751935	0.031963125
1984-02-01	212.41176	-0.68033075	8.161761	0.025824795	-0.2004786	0.22630337	0.21347225	0.01337638
1984-03-01	212.41176	-1.0327547	6.19651	0.01844416	-0.15336816	0.17181233	0.16499542	0.009533749
1984-04-01	212.41176	-3.497904	2.3429027	0.060312964	-0.004649334	0.064962305	0.052681092	0.030730924
1984-05-01	212.41176	-6.5792093	0.002391142	0.055955477	0.055889178	6.629985e-05	0.0	0.027994642
1984-06-01	212.41176	-5.2690945	0.0	0.055342168	0.055342168	0.0	0.0	0.027904266
1984-07-01	212.41176	-5.1988916	0.0	0.035836216	0.035836216	0.0	0.0	0.018077213
1984-08-01	212.41176	-6.149808	0.031447466	0.05072519	0.049853235	0.00087195245	0.0	0.025442202
1984-09-01	212.41176	-2.9566133	0.0014845905	0.067740336	0.06769916	4.1163643e-05	0.0	0.034627296
1984-10-01	212.41176	-4.67795	0.0	0.08087785	0.08087785	0.0	0.0	0.040922508
1984-11-01	212.41176	-2.6436338	0.0	0.08718257	0.08718257	0.0	0.0	0.0446438
1984-12-01	212.41176	-1.2043886	2.5485876	0.028392622	-0.04227276	0.07066538	0.06512714	0.0146618355
1985-01-01	212.41176	-0.24619111	12.892942	0.06096908	-0.29651704	0.3574861	0.3258276	0.031658538
1985-02-01	212.41176	-0.6503588	5.581299	0.06232219	-0.092432	0.15475419	0.13162507	0.0322856
1985-03-01	212.41176	-2.4363189	2.2344162	0.066319175	0.004364906	0.061954267	0.04643631	0.034002878
1985-04-01	212.41176	-2.0182421	3.3970175	0.08557022	-0.008619817	0.094190024	0.06602445	0.043979872
1985-05-01	212.41176	-4.970102	0.0011848	0.08315783	0.08312497	3.2851272e-05	0.0	0.042003732
1985-06-01	212.41176	-4.9369664	0.018459544	0.051400032	0.0508882	0.0005118328	0.0	0.0259684
1985-07-01	212.41176	-4.345361	0.0	0.07722186	0.07722186	0.0	0.0	0.03915038
1985-08-01	212.41176	-4.6380596	0.0	0.08987721	0.08987721	0.0	0.0	0.04548832
1985-09-01	212.41176	-3.1453252	0.009790757	0.11492026	0.11464879	0.00027147098	0.0	0.058674198
1985-10-01	212.41176	-3.3215265	0.150028	0.06350139	0.059341516	0.0041598673	1.8261811e-05	0.032389306
1985-11-01	212.41176	-2.3925736	0.004367604	0.050926592	0.050805487	0.00012110175	0.0	0.02611621
1985-12-01	212.41176	-1.4723454	0.9263934	0.045055043	0.019368678	0.025686363	0.017860249	0.023229657
1986-01-01	212.41176	-0.81259364	4.1382465	0.064412534	-0.05032975	0.11474228	0.09816273	0.03333592
1986-02-01	212.41176	-0.7255982	5.64239	0.0387563	-0.11769177	0.15644807	0.14261162	0.020067228
1986-03-01	212.41176	-0.819033	6.6248293	0.06617142	-0.11751704	0.18368846	0.1525347	0.034247294
1986-04-01	212.41176	-3.1036243	0.9323605	0.088424444	0.06257262	0.025851814	0.00876143	0.04515621
1986-05-01	212.41176	-6.7419395	0.0	0.07304968	0.07304968	0.0	0.0	0.03650924
1986-06-01	212.41176	-7.0978475	0.0	0.10377158	0.10377158	0.0	0.0	0.05175241
1986-07-01	212.41176	-7.9235463	0.0	0.07732771	0.07732771	0.0	0.0	0.038372763
1986-08-01	212.41176	-8.866951	0.014161952	0.09074951	0.09035684	0.0003926723	0.0	0.04477722
1986-09-01	212.41176	-7.619742	0.03515984	0.06206124	0.061086353	0.00097488647	0.0	0.030854717
1986-10-01	212.41176	-4.3188453	0.072981894	0.05861599	0.056592397	0.0020235886	0.0	0.02972329
1986-11-01	212.41176	-3.9121134	0.0013876522	0.04582332	0.04578485	3.8475813e-05	0.0	0.023291495
1986-12-01	212.41176	-1.8284696	1.9751102	0.04686534	-0.007899081	0.05476442	0.03473516	0.024113614
1987-01-01	212.41176	-0.9999261	3.2449665	0.029225824	-0.06074824	0.089974076	0.08227079	0.015109996
1987-02-01	212.41176	-1.0899407	2.3692932	0.037627526	-0.028066518	0.065694034	0.057279993	0.019443376
1987-03-01	212.41176	-1.6290503	1.9788388	0.0819214	0.027053593	0.054867804	0.040565223	0.04219972
1987-04-01	212.41176	-4.12588	0.09195126	0.07585389	0.07330433	0.0025495575	0.00016265363	0.038506657
1987-05-01	212.41176	-5.740741	0.004473518	0.09448135	0.09435731	0.00012403844	0.0	0.047506418
1987-06-01	212.41176	-7.738022	0.0	0.056969266	0.056969266	0.0	0.0	0.028302891
1987-07-01	212.41176	-14.675795	0.0	0.052002538	0.052002538	0.0	0.0	0.024751848
1987-08-01	212.41176	-6.5112343	0.11346615	0.05242786	0.049281757	0.0031461068	5.8667625e-05	0.026239388
1987-09-01	212.41176	-8.139323	0.021513097	0.054921363	0.054324865	0.00059649954	0.0	0.02721862
1987-10-01	212.41176	-4.4038506	0.010630888	0.066356964	0.066062205	0.00029476554	0.0	0.03363062
1987-11-01	212.41176	-2.1657085	0.120066926	0.080033794	0.07670466	0.0033291283	0.00036058904	0.041098934
1987-12-01	212.41176	-1.1229969	4.020332	0.027630467	-0.083842374	0.11147283	0.09970373	0.014274918
1988-01-01	212.41176	-1.0648953	1.9039342	0.01754816	-0.035242744	0.052790906	0.0500471	0.00906966
1988-02-01	212.41176	-0.18681084	12.518054	0.006285886	-0.3408056	0.3470915	0.34382665	0.003264822
1988-03-01	212.41176	-1.4461057	7.650852	0.038580727	-0.1735565	0.21213725	0.19235978	0.019894168
1988-04-01	212.41176	-2.4213583	1.0137509	0.03470957	0.0066010235	0.028108547	0.022159988	0.017797701
1988-05-01	212.41176	-3.0260353	0.09680176	0.04327002	0.04058597	0.0026840488	0.00048990414	0.022107555
1988-06-01	212.41176	-6.904989	0.0	0.12218164	0.12218164	0.0	0.0	0.061002627
1988-07-01	212.41176	-4.8712883	0.0	0.06770985	0.06770985	0.0	0.0	0.034220904
1988-08-01	212.41176	-8.688625	0.0	0.019946717	0.019946717	0.0	0.0	0.009853699
1988-09-01	212.41176	-4.9020877	0.0	0.09553359	0.09553359	0.0	0.0	0.048273593
1988-10-01	212.41176	-4.392216	0.047257368	0.05005196	0.04874165	0.0013103179	0.0	0.02536687
1988-11-01	212.41176	-3.1786075	0.05584178	0.074440666	0.07289233	0.0015483402	0.0	0.03799921
1988-12-01	212.41176	-1.8349143	2.8126276	0.03235186	-0.04563463	0.077986486	0.061923243	0.016644973
1989-01-01	212.41176	-0.5298085	8.3373	0.002055567	-0.22911501	0.23117061	0.2301049	0.0010656981
1989-02-01	212.41176	0.25036705	18.820646	0.0063776155	-0.5154676	0.5218452	0.5185241	0.0033210674
1989-03-01	212.41176	-0.08007896	12.88871	0.022833988	-0.33453476	0.35736874	0.34550062	0.011868165
1989-04-01	212.41176	-5.3382454	0.0	0.064599805	0.064599805	0.0	0.0	0.032557562
1989-05-01	212.41176	-2.1719763	1.7308565	0.07560774	0.02761581	0.04799193	0.03594678	0.03882637
1989-06-01	212.41176	-3.2573674	0.02354521	0.114662126	0.11400928	0.00065284444	0.0	0.058506347
1989-07-01	212.41176	-2.3164926	0.36847103	0.06439002	0.05417332	0.010216697	0.0032534692	0.033037778
1989-08-01	212.41176	-3.654936	0.011374081	0.07811044	0.07779507	0.00031537222	0.0	0.03976122
1989-09-01	212.41176	-4.6449265	0.009203742	0.08372122	0.083466016	0.0002551947	0.0	0.042372435
1989-10-01	212.41176	-2.8333318	0.0017269359	0.09634948	0.0963016	4.7883223e-05	0.0	0.04928467
1989-11-01	212.41176	-2.307339	0.16659546	0.069214255	0.06459501	0.0046192375	0.0004779164	0.035513356
1989-12-01	212.41176	-1.3847772	1.5127401	0.03925337	-0.0026907932	0.04194416	0.034078073	0.020248838
1990-01-01	212.41176	-0.60770386	5.1455274	0.024288706	-0.11838274	0.14267145	0.13644785	0.012585551
1990-02-01	212.41176	0.5230882	22.152039	0.011952427	-0.60226315	0.6142156	0.60798186	0.006233766
1990-03-01	212.41176	-0.8299663	7.521332	0.050757654	-0.15778838	0.20854601	0.1860639	0.026267089
1990-04-01	212.41176	-5.469865	0.014479693	0.056214307	0.055812825	0.0004014824	0.0	0.028312722
1990-05-01	212.41176	-5.074886	0.0	0.083104834	0.083104834	0.0	0.0	0.04194995
1990-06-01	212.41176	-5.1593294	0.0	0.06636387	0.06636387	0.0	0.0	0.033483777
1990-07-01	212.41176	-5.811736	0.0	0.10249531	0.10249531	0.0	0.0	0.051511034
1990-08-01	212.41176	-6.2001805	0.010261087	0.09082721	0.090542704	0.00028451195	0.0	0.045546316
1990-09-01	212.41176	-4.671549	0.0	0.04547842	0.04547842	0.0	0.0	0.023013458
1990-10-01	212.41176	-3.8264902	0.03974107	0.0848094	0.0837075	0.0011019114	0.0	0.043129526
1990-11-01	212.41176	-2.9193418	0.10181921	0.0643218	0.061498635	0.0028231689	0.0	0.032884933
1990-12-01	212.41176	-1.6140275	0.8280604	0.039104715	0.016144855	0.022959854	0.016491467	0.02014543
1991-01-01	212.41176	0.12231016	15.89338	0.02771134	-0.41296872	0.44068012	0.4262619	0.014418203
1991-02-01	212.41176	-1.06153	5.417432	0.051491123	-0.09871949	0.1502106	0.13236003	0.026611067
1991-03-01	212.41176	-2.1126587	0.7639483	0.07125482	0.050072618	0.021182202	0.010422166	0.036601044
1991-04-01	212.41176	-3.5434635	1.3290334	0.054793745	0.01794328	0.03685047	0.025151923	0.027910352
1991-05-01	212.41176	-8.055144	0.14253683	0.064303696	0.06035154	0.0039521577	0.0	0.03188921
1991-06-01	212.41176	-9.724316	0.0	0.08115939	0.08115939	0.0	0.0	0.039837897
1991-07-01	212.41176	-7.307622	0.0	0.07056044	0.07056044	0.0	0.0	0.035145473
1991-08-01	212.41176	-8.457788	0.0	0.11071932	0.11071932	0.0	0.0	0.05476668
1991-09-01	212.41176	-4.3852797	0.03994751	0.061645668	0.06053803	0.0011076356	0.0	0.031246595
1991-10-01	212.41176	-5.157082	0.0	0.05868193	0.05868193	0.0	0.0	0.029608173
1991-11-01	212.41176	-2.788197	0.090098664	0.057472065	0.054973874	0.0024981902	3.345727e-05	0.029405486
1991-12-01	212.41176	-1.867803	0.16585585	0.02286005	0.018261325	0.0045987307	0.0024489153	0.011759685
1992-01-01	212.41176	-0.6568779	7.6848307	0.05474383	-0.15833557	0.2130794	0.18607411	0.028359666
1992-02-01	212.41176	-1.1160244	4.2916455	0.04289932	-0.076096304	0.11899562	0.104073554	0.022163313
1992-03-01	212.41176	-2.8177094	1.6964488	0.047664795	0.0006268982	0.047037896	0.034439225	0.02438362
1992-04-01	212.41176	-2.8333464	1.0389369	0.09579513	0.06698826	0.028806884	0.013130019	0.048998866
1992-05-01	212.41176	-8.434713	0.0	0.053552825	0.053552825	0.0	0.0	0.026496781
1992-06-01	212.41176	-8.599569	0.0	0.03692972	0.03692972	0.0	0.0	0.018252414
1992-07-01	212.41176	-8.627828	0.025954302	0.06449636	0.06377672	0.000719642	0.0	0.031870514
1992-08-01	212.41176	-6.2152667	0.0	0.060691897	0.060691897	0.0	0.0	0.030429142
1992-09-01	212.41176	-4.0121546	0.013921401	0.103585064	0.103199065	0.00038600247	0.0	0.05261964
1992-10-01	212.41176	-4.237039	0.0	0.12017382	0.12017382	0.0	0.0	0.060962986
1992-11-01	212.41176	-2.474085	0.086445525	0.025513668	0.023116771	0.0023968986	0.0015870343	0.013078792
1992-12-01	212.41176	-0.4717544	7.5125213	0.031685706	-0.17661603	0.20830174	0.19469643	0.016431069
1993-01-01	212.41176	-0.7342259	4.398039	0.036998957	-0.08494666	0.12194562	0.11068658	0.019157685
1993-02-01	212.41176	-0.32548156	8.412199	0.018934824	-0.21431251	0.23324734	0.22373705	0.009827353
1993-03-01	212.41176	-1.5153302	7.099342	0.05162643	-0.14521897	0.1968454	0.17201324	0.026611205
1993-04-01	212.41176	-2.5420728	1.6513367	0.08271945	0.036932386	0.045787066	0.028930683	0.042386714
1993-05-01	212.41176	-3.8373876	0.9944781	0.067801826	0.04022766	0.027574167	0.017036436	0.03447724
1993-06-01	212.41176	-5.1807537	0.0	0.06869273	0.06869273	0.0	0.0	0.034652475
1993-07-01	212.41176	-4.158352	0.0	0.06492284	0.06492284	0.0	0.0	0.03295139
1993-08-01	212.41176	-5.056616	0.011663101	0.07965396	0.07933058	0.00032338596	0.0	0.040212743
1993-09-01	212.41176	-5.1773033	0.0	0.106889576	0.106889576	0.0	0.0	0.053924315
1993-10-01	212.41176	-4.1574097	0.0	0.049744014	0.049744014	0.0	0.0	0.025248356
1993-11-01	212.41176	-2.182503	1.4627488	0.049041342	0.008483303	0.040558036	0.029168345	0.025181226
1993-12-01	212.41176	-1.4948486	1.8235995	0.058065988	0.0075025507	0.050563436	0.038405355	0.02993453
1994-01-01	212.41176	-0.61902577	5.887444	0.035416346	-0.12782642	0.16324276	0.14814197	0.018350419
1994-02-01	212.41176	-0.68414646	7.4097543	0.03455851	-0.17089376	0.20545228	0.1891017	0.01789851
1994-03-01	212.41176	-1.018302	7.2054553	0.026071353	-0.17371626	0.19978763	0.18630967	0.013477938
1994-04-01	212.41176	-2.7262359	2.3735332	0.07091157	0.005099963	0.065811604	0.053477485	0.036294833
1994-05-01	212.41176	-5.089437	0.0	0.03427784	0.03427784	0.0	0.0	0.017301807
1994-06-01	212.41176	-5.115944	0.0	0.088533975	0.088533975	0.0	0.0	0.04468009
1994-07-01	212.41176	-11.191581	0.0	0.061231613	0.061231613	0.0	0.0	0.029785942
1994-08-01	212.41176	-5.635512	0.06584078	0.107975066	0.10614948	0.0018255851	0.0	0.05432364
1994-09-01	212.41176	-4.806463	0.0	0.09781315	0.09781315	0.0	0.0	0.04945347
1994-10-01	212.41176	-7.5413933	0.0	0.060219828	0.060219828	0.0	0.0	0.029952891
1994-11-01	212.41176	-2.2201593	0.22813685	0.051635828	0.04531021	0.0063256123	0.0026174323	0.026507176
1994-12-01	212.41176	-1.4015326	1.4596306	0.0079235835	-0.032547988	0.040471576	0.038855366	0.004087445
1995-01-01	212.41176	0.06599076	14.233038	0.012042691	-0.3826006	0.3946433	0.38837847	0.006264823
1995-02-01	212.41176	-0.21242054	11.677671	0.011359982	-0.31243	0.32378998	0.3178898	0.0059001893
1995-03-01	212.41176	-1.6565096	4.3778687	0.0646167	-0.056769658	0.12138636	0.09503229	0.033277106
1995-04-01	212.41176	-2.8814673	2.61161	0.10845475	0.036041934	0.07241282	0.049393512	0.05546067
1995-05-01	212.41176	-3.654884	0.50494564	0.04912642	0.035125654	0.014000766	0.0062203817	0.025008846
1995-06-01	212.41176	-7.1604414	0.0	0.07934288	0.07934288	0.0	0.0	0.039552595
1995-07-01	212.41176	-12.441376	0.0	0.088517174	0.088517174	0.0	0.0	0.042724825
1995-08-01	212.41176	-12.671078	0.0	0.051655527	0.051655527	0.0	0.0	0.024898263
1995-09-01	212.41176	-8.426661	0.048873004	0.06746934	0.06611423	0.001355115	0.0	0.03337965
1995-10-01	212.41176	-3.5911849	0.043325987	0.052989166	0.05178786	0.0012013114	0.0	0.026985245
1995-11-01	212.41176	-3.0775218	0.0	0.06242888	0.06242888	0.0	0.0	0.031887498
1995-12-01	212.41176	-1.0960217	4.7370014	0.02127112	-0.11007301	0.13134412	0.120551765	0.010990754
1996-01-01	212.41176	-0.691677	5.219066	0.017200911	-0.12750955	0.14471047	0.13681993	0.00890901
1996-02-01	212.41176	-0.21489814	12.138735	0.0138977915	-0.32267624	0.336574	0.3293557	0.0072182794
1996-03-01	212.41176	-1.0662496	10.548195	0.035514224	-0.2569584	0.29247266	0.2748963	0.018353987
1996-04-01	212.41176	-2.8971748	1.686247	0.03650197	-0.01025306	0.046755027	0.03911276	0.018664248
1996-05-01	212.41176	-3.9838252	0.15473849	0.09624236	0.091951884	0.004290476	0.0	0.04889812
1996-06-01	212.41176	-5.533603	0.0	0.09453837	0.09453837	0.0	0.0	0.04759412
1996-07-01	212.41176	-4.609904	0.16070019	0.113672964	0.1092172	0.004455778	0.0	0.057539657
1996-08-01	212.41176	-5.43244	0.020563463	0.06956735	0.06899718	0.0005701687	0.0	0.03504207
1996-09-01	212.41176	-3.2767763	0.073078826	0.12291454	0.12088826	0.0020262767	0.0	0.062707484
1996-10-01	212.41176	-3.3837805	0.029499726	0.07063125	0.06981331	0.000817947	0.0	0.036013562
1996-11-01	212.41176	-2.4777508	0.036190256	0.07757321	0.07656975	0.0010034571	0.0	0.03976205
1996-12-01	212.41176	-1.3453077	2.1315398	0.047568876	-0.01153291	0.05910178	0.049487144	0.024544077
1997-01-01	212.41176	-0.04248742	13.9748125	0.010487636	-0.37699577	0.38748342	0.38203177	0.00545164
1997-02-01	212.41176	-0.35317683	10.751626	0.016500184	-0.2816131	0.29811326	0.28955078	0.008562478
1997-03-01	212.41176	-0.75239503	9.894391	0.016205	-0.25813946	0.27434447	0.2659538	0.008390638
1997-04-01	212.41176	-3.2965066	1.0989344	0.084888704	0.054418247	0.030470451	0.015962208	0.04330388
1997-05-01	212.41176	-3.1029696	0.42356065	0.05564955	0.043905374	0.011744181	0.0031896469	0.028420672
1997-06-01	212.41176	-5.5890627	0.0	0.074733265	0.074733265	0.0	0.0	0.03760806
1997-07-01	212.41176	-6.561457	0.03470746	0.07507333	0.074111	0.0009623433	0.0	0.037561715
1997-08-01	212.41176	-7.170536	0.0	0.09576113	0.09576113	0.0	0.0	0.047736455
1997-09-01	212.41176	-8.736935	0.0	0.045337066	0.045337066	0.0	0.0	0.022388903
1997-10-01	212.41176	-4.557925	0.02982465	0.061936885	0.06110993	0.0008269562	0.0	0.03136084
1997-11-01	212.41176	-3.8061314	0.0	0.055420153	0.055420153	0.0	0.0	0.028185686
1997-12-01	212.41176	-1.534438	0.6189396	0.014476815	-0.0026846915	0.017161507	0.014866121	0.007462259
1998-01-01	212.41176	-0.4435789	7.091725	0.011018227	-0.18561596	0.19663419	0.19237195	0.0057141557
1998-02-01	212.41176	-0.4166173	6.335189	0.006948901	-0.16870861	0.17565751	0.17309439	0.0036048878
1998-03-01	212.41176	-0.9531924	7.10169	0.04089541	-0.15601508	0.19691049	0.17637666	0.021148102
1998-04-01	212.41176	-0.9241311	5.113992	0.034766834	-0.10703022	0.14179707	0.125795	0.017983794
1998-05-01	212.41176	-2.9288392	0.30434462	0.013529247	0.0050906003	0.008438646	0.0063290237	0.006917035
1998-06-01	212.41176	-2.6749113	0.0	0.07751665	0.07751665	0.0	0.0	0.03968683
1998-07-01	212.41176	-5.870739	0.019035788	0.13127163	0.13074383	0.0005278105	0.0	0.06595018
1998-08-01	212.41176	-6.8295426	0.0	0.089175254	0.089175254	0.0	0.0	0.04454582
1998-09-01	212.41176	-8.2719965	0.046776265	0.070420295	0.06912332	0.0012969783	0.0	0.03487188
1998-10-01	212.41176	-3.8195324	0.065838985	0.093309216	0.09148367	0.0018255354	0.0	0.047452003
1998-11-01	212.41176	-2.5688334	0.049601834	0.059838105	0.05846278	0.0013753236	0.0	0.030654732
1998-12-01	212.41176	-1.3699028	1.1349182	0.041056056	0.009587871	0.031468183	0.025110306	0.021181388
1999-01-01	212.41176	-0.4989223	6.205432	0.019790815	-0.15226887	0.1720597	0.16591321	0.010262258
1999-02-01	212.41176	-0.3140961	9.747661	0.02221907	-0.24805701	0.27027607	0.25874257	0.01153353
1999-03-01	212.41176	-0.4069361	10.878186	0.022333331	-0.2792891	0.30162245	0.29003605	0.011586377
1999-04-01	212.41176	-1.0802344	4.1919	0.045851223	-0.07037873	0.11622995	0.10518603	0.023694532
1999-05-01	212.41176	-2.3973913	0.16696705	0.04818146	0.043551926	0.004629541	0.0015631989	0.024709184
1999-06-01	212.41176	-4.6030507	0.060239904	0.08611718	0.08444688	0.0016702882	0.0	0.04359241
1999-07-01	212.41176	-4.671029	0.021592084	0.10727847	0.106679775	0.0005986896	0.0	0.05428188
1999-08-01	212.41176	-7.177532	0.0	0.07412578	0.07412578	0.0	0.0	0.036950104
1999-09-01	212.41176	-7.5799694	0.0056403666	0.08102809	0.0808717	0.00015639198	0.0	0.040292833
1999-10-01	212.41176	-3.633035	0.0012871238	0.066805415	0.06676973	3.568843e-05	0.0	0.034012504
1999-11-01	212.41176	-2.0102315	0.41641593	0.06865954	0.05711346	0.011546078	0.003977117	0.035290904
1999-12-01	212.41176	-0.93063694	4.4462013	0.019080328	-0.1042007	0.12328103	0.11467216	0.009869101
2000-01-01	212.41176	-0.5731211	6.158257	0.023710595	-0.14704107	0.17075168	0.16062003	0.012289065
2000-02-01	212.41176	-0.08778322	11.820585	0.008655399	-0.31909722	0.32775256	0.32341796	0.0044987234
2000-03-01	212.41176	-0.86088705	9.078288	0.03859898	-0.21311721	0.25171617	0.23174478	0.01997138
2000-04-01	212.41176	-1.4970484	3.0285213	0.055578414	-0.02839422	0.08397263	0.06984091	0.02865407
2000-05-01	212.41176	-2.4287367	1.3903575	0.048902113	0.010351293	0.038550824	0.028903008	0.02507522
2000-06-01	212.41176	-3.0293796	0.07374483	0.0546193	0.052574556	0.002044743	0.00035675155	0.027907427
2000-07-01	212.41176	-3.6634426	0.0	0.043383956	0.043383956	0.0	0.0	0.02208384
2000-08-01	212.41176	-6.825437	0.0	0.070052974	0.070052974	0.0	0.0	0.034995593
2000-09-01	212.41176	-7.1940517	0.0	0.046697274	0.046697274	0.0	0.0	0.023275264
2000-10-01	212.41176	-3.475713	0.0	0.07511689	0.07511689	0.0	0.0	0.038278125
2000-11-01	212.41176	-2.8994138	0.01634306	0.025277587	0.024824437	0.0004531485	0.0	0.012925046
2000-12-01	212.41176	-1.5767714	0.37965125	0.04454106	0.03401437	0.010526693	0.006237744	0.022949347
2001-01-01	212.41176	-1.0424669	2.503549	0.06533615	-0.0040804422	0.06941658	0.0591858	0.033769365
2001-02-01	212.41176	-1.290573	3.3981593	0.048559792	-0.04566189	0.09422169	0.076789096	0.025061084
2001-03-01	212.41176	-1.552346	3.994995	0.08007985	-0.030690463	0.11077032	0.08724285	0.041266076
2001-04-01	212.41176	-3.768245	0.94381714	0.057850838	0.03168137	0.026169475	0.0156382	0.029429054
2001-05-01	212.41176	-2.5897212	0.21812169	0.07590806	0.06986014	0.0060479194	0.0021115877	0.03888202
2001-06-01	212.41176	-6.0620112	0.0	0.06580141	0.06580141	0.0	0.0	0.033021037
2001-07-01	212.41176	-7.1408653	0.0	0.043542713	0.043542713	0.0	0.0	0.021710703
2001-08-01	212.41176	-4.463	0.01326617	0.089466624	0.08909879	0.00036783473	0.0	0.04532672
2001-09-01	212.41176	-3.7996812	0.0028255687	0.05675161	0.056673262	7.8345314e-05	0.0	0.028865442
2001-10-01	212.41176	-2.5892162	0.067521036	0.09921875	0.097346574	0.0018721742	0.0	0.050826486
2001-11-01	212.41176	-2.0111442	0.67330396	0.088849425	0.070180535	0.018668883	0.0057176473	0.04566793
2001-12-01	212.41176	-0.8879021	4.013435	0.07712835	-0.034153253	0.111281596	0.08709412	0.039902505
2002-01-01	212.41176	-0.27517396	8.434886	0.03829635	-0.19558004	0.2338764	0.22005652	0.019882444
2002-02-01	212.41176	0.023790456	12.0674925	0.02521694	-0.30938172	0.33459866	0.32155323	0.013115252
2002-03-01	212.41176	-1.7543211	2.2971137	0.05174719	-0.011945503	0.0636927	0.052167222	0.026636155
2002-04-01	212.41176	-1.5173414	3.3866577	0.047271047	-0.04663173	0.09390278	0.07727326	0.02436659
2002-05-01	212.41176	-6.1603675	0.026799819	0.07117352	0.070430435	0.00074308587	0.0	0.035696846
2002-06-01	212.41176	-9.285084	0.0	0.05867914	0.05867914	0.0	0.0	0.028882518
2002-07-01	212.41176	-7.5723624	0.0	0.09528752	0.09528752	0.0	0.0	0.04738595
2002-08-01	212.41176	-6.2906394	0.0	0.035807446	0.035807446	0.0	0.0	0.017945245
2002-09-01	212.41176	-4.595239	0.0	0.0740953	0.0740953	0.0	0.0	0.037508342
2002-10-01	212.41176	-6.474224	0.1620232	0.095507726	0.09101527	0.0044924617	0.0	0.04780882
2002-11-01	212.41176	-3.0103827	0.0	0.06314122	0.06314122	0.0	0.0	0.0322628
2002-12-01	212.41176	-1.2830034	2.4512436	0.045096096	-0.022870203	0.067966305	0.056303717	0.023277108
2003-01-01	212.41176	-0.7715184	3.7666357	0.020359198	-0.08407934	0.104438536	0.10006382	0.010539521
2003-02-01	212.41176	-0.3138881	9.781986	0.054439228	-0.21678856	0.27122778	0.24470803	0.02825656
2003-03-01	212.41176	-1.8791096	2.3442473	0.05273059	-0.01226899	0.06499958	0.053773213	0.02712231
2003-04-01	212.41176	-2.0719066	2.2663448	0.04331997	-0.019519592	0.06283957	0.05300559	0.02225811
2003-05-01	212.41176	-3.563854	0.28115845	0.0800312	0.07223544	0.007795757	0.0007075836	0.04076201
2003-06-01	212.41176	-7.54819	0.0037482767	0.09559744	0.0954935	0.00010392949	0.0	0.047546316
2003-07-01	212.41176	-6.2875	0.008340275	0.10143271	0.10120145	0.00023125307	0.0	0.05083622
2003-08-01	212.41176	-3.12027	0.17927462	0.09278591	0.08781512	0.0049707964	0.0	0.04738163
2003-09-01	212.41176	-4.4072843	0.02094942	0.08885758	0.08827671	0.00058087026	0.0	0.045033686
2003-10-01	212.41176	-3.8853588	0.025999181	0.08034629	0.079625405	0.0007208864	0.0	0.04084388
2003-11-01	212.41176	-3.1957512	0.00052956975	0.0568056	0.056790918	1.4683525e-05	0.0	0.028994408
2003-12-01	212.41176	-2.34068	0.09073594	0.058925685	0.056409825	0.00251586	0.0002972819	0.030227944
2004-01-01	212.41176	-0.75341165	5.175363	0.04112151	-0.102377184	0.14349869	0.12932037	0.021290079
2004-02-01	212.41176	-0.252926	8.95003	0.013947018	-0.23421289	0.24815992	0.24193323	0.0072422214
2004-03-01	212.41176	-1.1332141	7.2112246	0.07252121	-0.12742639	0.1999476	0.1667894	0.037463557
2004-04-01	212.41176	-2.7660618	2.052027	0.0693075	0.01241038	0.05689711	0.042145245	0.03546409
2004-05-01	212.41176	-3.2040274	0.6758746	0.065990165	0.047250014	0.01874016	0.007092149	0.033681564
2004-06-01	212.41176	-3.875117	0.021037383	0.06052962	0.059946306	0.0005833092	0.0	0.030772254
2004-07-01	212.41176	-4.5927787	0.009406595	0.09022397	0.089963146	0.00026081922	0.0	0.045675587
2004-08-01	212.41176	-5.9761543	0.0	0.08671699	0.08671699	0.0	0.0	0.0435398
2004-09-01	212.41176	-5.6902375	0.0	0.093812235	0.093812235	0.0	0.0	0.047182895
2004-10-01	212.41176	-4.274262	0.14538215	0.061828002	0.057796944	0.004031051	0.0	0.031357694
2004-11-01	212.41176	-2.4598837	0.21672328	0.042256948	0.036247805	0.006009145	0.0019018278	0.021663185
2004-12-01	212.41176	-1.4283372	2.2610078	0.057756208	-0.0049353726	0.06269158	0.044818286	0.029785672
2005-01-01	212.41176	-0.6727893	5.558529	0.037226353	-0.116896495	0.15412283	0.13632964	0.01928261
2005-02-01	212.41176	-0.18035534	10.347256	0.032445263	-0.25445592	0.2869012	0.27134556	0.016854491
2005-03-01	212.41176	-1.5837978	3.1285992	0.041667875	-0.045079645	0.08674753	0.077462584	0.021469934
2005-04-01	212.41176	-2.875725	0.8694332	0.081284806	0.05717779	0.024107011	0.011123752	0.041567907
2005-05-01	212.41176	-5.1304755	0.0	0.062473536	0.062473536	0.0	0.0	0.031524792
2005-06-01	212.41176	-8.199417	0.0	0.0633762	0.0633762	0.0	0.0	0.031397957
2005-07-01	212.41176	-7.0032043	0.0	0.06818265	0.06818265	0.0	0.0	0.03402506
2005-08-01	212.41176	-5.707235	0.0009137322	0.069438376	0.069413036	2.5335303e-05	0.0	0.034919746
2005-09-01	212.41176	-4.2434726	0.0	0.08020579	0.08020579	0.0	0.0	0.040686697
2005-10-01	212.41176	-3.0014884	0.0050928453	0.04303236	0.04289115	0.00014121071	0.0	0.02199073
2005-11-01	212.41176	-2.399131	0.03974107	0.025768539	0.024666628	0.0011019114	0.00031728527	0.013214201
2005-12-01	212.41176	-1.8701582	2.0253887	0.02221019	-0.033948313	0.056158505	0.051369395	0.011425542
2006-01-01	212.41176	0.10405249	16.596476	0.0009897508	-0.45918524	0.46017498	0.45965993	0.00051500933
2006-02-01	212.41176	0.107976265	16.421116	0.0300368	-0.42527595	0.45531273	0.43968445	0.015628293
2006-03-01	212.41176	0.54832953	25.444126	0.04148832	-0.66400784	0.7054962	0.68385506	0.0216411
2006-04-01	212.41176	-1.893365	3.5761683	0.11724703	0.018089628	0.09915739	0.06328806	0.06030568
2006-05-01	212.41176	-2.2475011	2.1942856	0.05648895	-0.0043526087	0.06084156	0.047788728	0.028994432
2006-06-01	212.41176	-4.8218346	0.04147339	0.03716578	0.03601584	0.001149944	9.344891e-06	0.018790275
2006-07-01	212.41176	-5.0352445	0.0	0.050510842	0.050510842	0.0	0.0	0.025505736
2006-08-01	212.41176	-8.78745	0.0	0.056479096	0.056479096	0.0	0.0	0.027882567
2006-09-01	212.41176	-6.338074	0.0	0.0716583	0.0716583	0.0	0.0	0.035902105
2006-10-01	212.41176	-3.3533616	0.03935511	0.04282684	0.041735627	0.0010912098	0.0	0.021840768
2006-11-01	212.41176	-2.6326606	0.0	0.06355241	0.06355241	0.0	0.0	0.03254637
2006-12-01	212.41176	-1.1149198	3.198289	0.06456085	-0.024118973	0.088679835	0.0719321	0.033355538
2007-01-01	212.41176	-0.27386755	9.847557	0.034227733	-0.23881817	0.2730459	0.25722545	0.017769463
2007-02-01	212.41176	-0.35928583	8.892523	0.04548201	-0.20108338	0.24656537	0.2241133	0.023600863
2007-03-01	212.41176	-2.3240008	2.4302602	0.03971933	-0.027665159	0.06738449	0.05224856	0.020378217
2007-04-01	212.41176	-4.6611423	0.58575976	0.09367323	0.07743171	0.016241523	0.002872767	0.047398765
2007-05-01	212.41176	-4.8353047	0.0	0.0665633	0.0665633	0.0	0.0	0.033649217
2007-06-01	212.41176	-7.5862103	0.0	0.05566785	0.05566785	0.0	0.0	0.027682452
2007-07-01	212.41176	-11.13785	0.0	0.08044221	0.08044221	0.0	0.0	0.03914146
2007-08-01	212.41176	-6.3041544	0.0	0.1034791	0.1034791	0.0	0.0	0.05185519
2007-09-01	212.41176	-4.7223964	0.0	0.08011167	0.08011167	0.0	0.0	0.040523835
2007-10-01	212.41176	-5.1642375	0.0	0.11105926	0.11105926	0.0	0.0	0.056031402
2007-11-01	212.41176	-3.532879	0.0018238741	0.07277466	0.07272409	5.0571052e-05	0.0	0.037071727
2007-12-01	212.41176	-1.5217712	1.3831894	0.035122555	-0.003229514	0.03835207	0.03181139	0.018104773
2008-01-01	212.41176	-0.62683725	6.900109	0.024258869	-0.16706233	0.19132121	0.18105403	0.012569461
2008-02-01	212.41176	-0.15897629	11.845396	0.019467043	-0.3089735	0.32844052	0.31832695	0.010113573
2008-03-01	212.41176	-1.0331469	7.230483	0.070572145	-0.12990943	0.20048158	0.17166483	0.03647868
2008-04-01	212.41176	-3.1325564	2.209523	0.075513124	0.014249077	0.061264053	0.041327365	0.03855725
2008-05-01	212.41176	-2.7747064	0.49923885	0.06963276	0.055790227	0.0138425315	0.004500689	0.035630792
2008-06-01	212.41176	-4.1679296	0.0057391	0.095314175	0.095155045	0.00015912959	0.0	0.048372608
2008-07-01	212.41176	-4.5403514	0.0	0.067744225	0.067744225	0.0	0.0	0.034304664
2008-08-01	212.41176	-5.901478	0.0	0.059347313	0.059347313	0.0	0.0	0.029811155
2008-09-01	212.41176	-2.800409	0.1581008	0.05005884	0.045675132	0.004383704	0.0006459124	0.025611896
2008-10-01	212.41176	-3.081602	0.0	0.10855091	0.10855091	0.0	0.0	0.05544273
2008-11-01	212.41176	-2.1160104	2.6447017	0.0366627	-0.036667667	0.073330365	0.059974503	0.018832762
2008-12-01	212.41176	-1.1944394	2.527148	0.031361446	-0.038709477	0.07007092	0.05881215	0.016197193
2009-01-01	212.41176	-0.026627656	12.471277	0.026088696	-0.31970578	0.3457945	0.3322719	0.013563952
2009-02-01	212.41176	-0.224138	9.035286	0.037267532	-0.2132563	0.2505238	0.23345925	0.019353716
2009-03-01	212.41176	-0.55918145	9.293164	0.06763262	-0.19004148	0.2576741	0.2245971	0.03505633
2009-04-01	212.41176	-2.9515607	0.1863116	0.08244151	0.07727561	0.0051659127	0.0014055645	0.042139016
2009-05-01	212.41176	-3.7009945	0.117201865	0.09368185	0.09043216	0.0032496878	0.0	0.04767521
2009-06-01	212.41176	-7.750416	0.0	0.083952636	0.083952636	0.0	0.0	0.04170677
2009-07-01	212.41176	-8.771463	0.0	0.08354107	0.08354107	0.0	0.0	0.041244704
2009-08-01	212.41176	-8.960334	0.0	0.051097766	0.051097766	0.0	0.0	0.025197692
2009-09-01	212.41176	-6.0141253	0.0	0.101227075	0.101227075	0.0	0.0	0.050812572
2009-10-01	212.41176	-4.1791377	0.03173469	0.107625656	0.10674575	0.0008799164	0.0	0.054616574
2009-11-01	212.41176	-3.8895192	0.0	0.071144916	0.071144916	0.0	0.0	0.036165174
2009-12-01	212.41176	-1.5353014	1.9559937	0.056435607	0.0022012377	0.054234367	0.044052906	0.029088125
2010-01-01	212.41176	-1.2997245	1.809547	0.04147811	-0.008695689	0.0501738	0.042696036	0.021405932
2010-02-01	212.41176	-1.2989476	1.3504728	0.05422123	0.016776301	0.037444927	0.029316345	0.027981965
2010-03-01	212.41176	-1.6423652	4.0009046	0.08115672	-0.029777452	0.110934176	0.081989296	0.041802075
2010-04-01	212.41176	-3.3057773	1.911113	0.07922572	0.02623577	0.052989952	0.03873901	0.04041326
2010-05-01	212.41176	-3.8073542	0.41829547	0.12675351	0.115155324	0.011598192	0.0010573873	0.064467356
2010-06-01	212.41176	-3.370762	0.1669886	0.063155055	0.058524918	0.004630138	0.0011416163	0.03220376
2010-07-01	212.41176	-4.9750633	0.017709171	0.10026783	0.099776804	0.000491027	0.0	0.0506436
2010-08-01	212.41176	-5.1678395	0.0	0.10717357	0.10717357	0.0	0.0	0.05406965
2010-09-01	212.41176	-4.1400266	0.0	0.09335046	0.09335046	0.0	0.0	0.047384262
2010-10-01	212.41176	-2.3152988	0.21408619	0.07015139	0.06421536	0.0059360256	0.0014972069	0.035993807
2010-11-01	212.41176	-1.6972624	0.33969474	0.085795484	0.07637668	0.009418809	0.0040487475	0.044178233
2010-12-01	212.41176	-1.913311	0.9545647	0.062199578	0.035732105	0.026467476	0.015411061	0.031986997
2011-01-01	212.41176	-0.9008018	3.550528	0.03588441	-0.06256205	0.09844646	0.08682176	0.01856383
2011-02-01	212.41176	0.12748475	13.340743	0.035570923	-0.33433145	0.3699024	0.35173994	0.018510899
2011-03-01	212.41176	-1.1851963	6.4919953	0.071718924	-0.108286396	0.18000533	0.15108542	0.037039824
2011-04-01	212.41176	-4.660032	0.0	0.106226854	0.106226854	0.0	0.0	0.053755645
2011-05-01	212.41176	-4.101678	0.5363177	0.08344124	0.068570614	0.014870628	0.004967617	0.042366516
2011-06-01	212.41176	-7.000371	0.0	0.09186715	0.09186715	0.0	0.0	0.045844443
2011-07-01	212.41176	-9.641225	0.0	0.057034653	0.057034653	0.0	0.0	0.028011678
2011-08-01	212.41176	-8.523279	0.0	0.030284237	0.030284237	0.0	0.0	0.014974706
2011-09-01	212.41176	-6.457307	0.0	0.0904804	0.0904804	0.0	0.0	0.045296792
2011-10-01	212.41176	-3.1604273	0.088910274	0.086028546	0.08356331	0.0024652393	0.0	0.043922104
2011-11-01	212.41176	-2.5432634	0.1731711	0.093087524	0.08828597	0.0048015625	0.0	0.047696695
2011-12-01	212.41176	-1.1217754	2.0104172	0.05353877	-0.0022046098	0.05574339	0.045134302	0.027661467
2012-01-01	212.41176	-0.88181067	2.9937475	0.02697508	-0.05603337	0.08300845	0.07568865	0.013956519
2012-02-01	212.41176	-0.95130223	6.5201416	0.023855533	-0.15693021	0.18078575	0.16845083	0.01233737
2012-03-01	212.41176	-1.052236	7.6094613	0.04186216	-0.16912745	0.21098961	0.19322477	0.021636643
2012-04-01	212.41176	-4.5386133	0.68684834	0.07605823	0.057013802	0.019044433	0.007587757	0.038513605
2012-05-01	212.41176	-3.135148	0.21802655	0.098993994	0.09294871	0.006045282	0.0016531355	0.050546024
2012-06-01	212.41176	-7.449995	0.0	0.09254022	0.09254022	0.0	0.0	0.046056315
2012-07-01	212.41176	-6.0760875	0.082129985	0.08639711	0.084119864	0.0022772404	0.0	0.04335595
2012-08-01	212.41176	-5.0903354	0.06347297	0.12585816	0.12409822	0.0017599324	0.0	0.06352536
2012-09-01	212.41176	-5.889096	0.0026675954	0.08152486	0.08145089	7.3965144e-05	0.0	0.040953543
2012-10-01	212.41176	-4.5214443	0.0	0.10868706	0.10868706	0.0	0.0	0.055043288
2012-11-01	212.41176	-3.099329	0.5292933	0.072595485	0.05791962	0.01467586	0.003538502	0.03707431
2012-12-01	212.41176	-1.984193	0.19000423	0.012756494	0.0074881953	0.0052682995	0.0041065677	0.006557831
2013-01-01	212.41176	-0.65266144	6.0454283	0.054876056	-0.11274718	0.16762322	0.14380945	0.028427722
2013-02-01	212.41176	-0.5019491	7.1498737	0.017102746	-0.18114375	0.1982465	0.1911867	0.008867849
2013-03-01	212.41176	-0.84457064	7.9988656	0.025853196	-0.19593354	0.22178671	0.2093676	0.013378229
2013-04-01	212.41176	-0.92322856	5.1168466	0.057871953	-0.08400424	0.14187619	0.11791681	0.02993421
2013-05-01	212.41176	-3.9629354	0.6507604	0.102556705	0.0845129	0.01804381	0.0023508444	0.05210953
2013-06-01	212.41176	-4.555291	0.0	0.09166435	0.09166435	0.0	0.0	0.046413682
2013-07-01	212.41176	-7.0225477	0.0	0.09744604	0.09744604	0.0	0.0	0.04862162
2013-08-01	212.41176	-9.153908	0.0	0.0742682	0.0742682	0.0	0.0	0.03658202
2013-09-01	212.41176	-6.3081245	0.0	0.03768117	0.03768117	0.0	0.0	0.018882569
2013-10-01	212.41176	-3.9278889	0.006360222	0.09329593	0.09311958	0.00017635162	0.0	0.04741507
2013-11-01	212.41176	-3.6138327	0.036825743	0.06198135	0.06096027	0.0010210773	0.0	0.031559475
2013-12-01	212.41176	-2.4339674	0.04437974	0.049882505	0.04865198	0.0012305292	0.0	0.025573488
2014-01-01	212.41176	-1.2959033	2.5085754	0.031824283	-0.037731674	0.06955595	0.058238387	0.01642489
2014-02-01	212.41176	-1.3296041	3.442426	0.046215132	-0.049233943	0.095449075	0.08349137	0.023849012
2014-03-01	212.41176	-2.252713	1.8283063	0.098664306	0.047970366	0.050693948	0.031681515	0.050640654
2014-04-01	212.41176	-2.2455363	0.66364783	0.043672737	0.02527159	0.018401144	0.011577324	0.022417411
2014-05-01	212.41176	-3.4655094	0.30488676	0.14246643	0.13401276	0.008453677	0.0	0.07260141
2014-06-01	212.41176	-4.908943	0.0	0.08732998	0.08732998	0.0	0.0	0.044125985
2014-07-01	212.41176	-4.3115196	0.0	0.061717726	0.061717726	0.0	0.0	0.031296376
2014-08-01	212.41176	-6.2699084	0.0	0.0605905	0.0605905	0.0	0.0	0.03036763
2014-09-01	212.41176	-5.017236	0.0	0.06944322	0.06944322	0.0	0.0	0.035065666
2014-10-01	212.41176	-4.1195593	0.0	0.09220031	0.09220031	0.0	0.0	0.046806693
2014-11-01	212.41176	-3.6914892	0.0033318014	0.07645092	0.076358534	9.238177e-05	0.0	0.038909324
2014-12-01	212.41176	-1.9663144	0.09490428	0.056452278	0.053820837	0.0026314368	0.00019272504	0.029023223
2015-01-01	212.41176	-0.66087043	7.779286	0.020850576	-0.1948478	0.21569838	0.20513436	0.01080212
2015-02-01	212.41176	-0.43722615	8.749408	0.031283922	-0.21131329	0.24259722	0.22674477	0.016226659
2015-03-01	212.41176	-0.9840679	4.705784	0.058616523	-0.07186203	0.13047853	0.103118904	0.030308012
2015-04-01	212.41176	-1.8279935	2.16156	0.03777201	-0.022162156	0.05993417	0.04516019	0.019436907
2015-05-01	212.41176	-3.6603644	0.09132296	0.07002138	0.06748925	0.0025321364	0.0001996267	0.03564261
2015-06-01	212.41176	-7.3330727	0.0	0.11115589	0.11115589	0.0	0.0	0.05535509
2015-07-01	212.41176	-9.352671	0.0	0.07972956	0.07972956	0.0	0.0	0.03922265
2015-08-01	212.41176	-7.6983867	0.0	0.05498492	0.05498492	0.0	0.0	0.02732353
2015-09-01	212.41176	-7.8971324	0.0	0.08697329	0.08697329	0.0	0.0	0.04316724
2015-10-01	212.41176	-4.082705	0.0	0.075421005	0.075421005	0.0	0.0	0.03829675
2015-11-01	212.41176	-3.108804	0.0008149989	0.09919113	0.09916853	2.2597695e-05	0.0	0.050655752
2015-12-01	212.41176	-1.7110686	0.30996704	0.065426596	0.05683205	0.00859454	0.0022571038	0.033686727
2016-01-01	212.41176	-1.0613792	4.7796884	0.031718567	-0.10080915	0.13252771	0.11816768	0.01639281
2016-02-01	212.41176	-1.1056048	3.2070546	0.03490229	-0.054020587	0.08892288	0.08029419	0.018033419
2016-03-01	212.41176	-0.8360934	6.6887693	0.05773847	-0.12772286	0.18546134	0.1601611	0.02988059
2016-04-01	212.41176	-3.8552272	0.66144335	0.05488345	0.03654343	0.018340021	0.009132781	0.027905632
2016-05-01	212.41176	-2.8096166	0.089639105	0.043928552	0.041443106	0.0024854478	0.0011366089	0.022473438
2016-06-01	212.41176	-2.957607	0.17049094	0.107115015	0.10238776	0.004727248	0.0	0.054751117
2016-07-01	212.41176	-5.2478333	0.0	0.044265382	0.044265382	0.0	0.0	0.022322325
2016-08-01	212.41176	-7.19386	0.0	0.07718135	0.07718135	0.0	0.0	0.03847068
2016-09-01	212.41176	-2.9465768	0.21543077	0.09244281	0.086469494	0.0059733074	0.0008992088	0.04725546
2016-10-01	212.41176	-2.9496357	0.04493085	0.055144124	0.053898312	0.00124581	0.0	0.028188566
2016-11-01	212.41176	-2.518611	0.35571468	0.04255845	0.032695454	0.009862997	0.0038498645	0.021810027
2016-12-01	212.41176	-1.3682233	0.97162944	0.03477085	0.007830217	0.026940633	0.021413032	0.017937953
2017-01-01	212.41176	-0.20574816	12.044037	0.03462779	-0.2993205	0.3339483	0.31596383	0.017984439
2017-02-01	212.41176	0.31602353	20.764889	0.033207864	-0.54254586	0.57575375	0.55845654	0.017297165
2017-03-01	212.41176	-0.13629544	16.145525	0.0043887123	-0.44328263	0.44767144	0.44539136	0.0022800772
2017-04-01	212.41176	-2.3261008	4.2845173	0.042286113	-0.07651186	0.11879797	0.10044105	0.021694113
2017-05-01	212.41176	-2.6758409	1.1331607	0.08707776	0.05565831	0.03141946	0.018199041	0.044580933
2017-06-01	212.41176	-5.3295326	0.0076545267	0.06799565	0.067783415	0.00021223915	0.0	0.034273222
2017-07-01	212.41176	-4.818882	0.0016910329	0.13189527	0.1318484	4.688773e-05	0.0	0.06668184
2017-08-01	212.41176	-6.170464	0.0	0.10668335	0.10668335	0.0	0.0	0.05350247
2017-09-01	212.41176	-5.69886	0.0	0.08652171	0.08652171	0.0	0.0	0.04351319
2017-10-01	212.41176	-4.302033	0.0	0.12113266	0.12113266	0.0	0.0	0.061426837
2017-11-01	212.41176	-2.7818928	0.47868437	0.03459897	0.021326356	0.013272611	0.007908853	0.017703995
2017-12-01	212.41176	-1.3049272	1.6922787	0.051924616	0.005002334	0.046922274	0.034854263	0.026798487
2018-01-01	212.41176	-0.3498093	8.790621	0.050553355	-0.19318658	0.24373995	0.2242349	0.026234046
2018-02-01	212.41176	0.49029905	19.657354	0.017896164	-0.52714866	0.54504484	0.53571314	0.009331649
2018-03-01	212.41176	-0.6988988	11.039044	0.04091536	-0.2651672	0.3060826	0.2853862	0.021190349
2018-04-01	212.41176	-1.6869688	3.2574804	0.076195285	-0.014125778	0.09032104	0.0658196	0.03923687
2018-05-01	212.41176	-3.1534438	0.32987168	0.061739825	0.052593384	0.009146443	0.0020811683	0.031524286
2018-06-01	212.41176	-4.456302	0.09617346	0.060686	0.05801937	0.0026666278	0.0	0.030745078
2018-07-01	212.41176	-4.57743	0.009652531	0.077848166	0.07758052	0.00026763833	0.0	0.039413515
2018-08-01	212.41176	-5.626666	0.0	0.10777873	0.10777873	0.0	0.0	0.05422685
2018-09-01	212.41176	-4.4046564	0.035960477	0.060341984	0.059344895	0.000997086	0.0	0.030581316
2018-10-01	212.41176	-3.4182956	0.014212215	0.04388798	0.04349391	0.00039406598	0.0	0.02237226
2018-11-01	212.41176	-1.9363775	0.9531591	0.08427461	0.057846103	0.026428504	0.012838334	0.04333564
2018-12-01	212.41176	-1.2166246	1.533406	0.078912325	0.036395162	0.042517167	0.029410295	0.040746983
2019-01-01	212.41176	-0.86409473	3.1738353	0.05492348	-0.033078317	0.088001795	0.07652934	0.028417157
2019-02-01	212.41176	-1.1202991	4.1992993	0.024792194	-0.09164292	0.116435125	0.10784003	0.012808062
2019-03-01	212.41176	-0.83651286	5.460864	0.04965714	-0.10175771	0.15141487	0.13606584	0.02569788
2019-04-01	212.41176	-1.966191	3.4417634	0.06642337	-0.02900734	0.09543072	0.075920284	0.03414947
2019-05-01	212.41176	-4.0965877	0.95266366	0.0616547	0.03523994	0.026414765	0.016218934	0.03130446
2019-06-01	212.41176	-4.2379127	0.0	0.09154767	0.09154767	0.0	0.0	0.04644115
2019-07-01	212.41176	-4.395397	0.0	0.057130307	0.057130307	0.0	0.0	0.028955493
2019-08-01	212.41176	-5.509981	0.0	0.06079161	0.06079161	0.0	0.0	0.030607417
2019-09-01	212.41176	-5.0722523	0.0	0.08480273	0.08480273	0.0	0.0	0.042808432
2019-10-01	212.41176	-4.1178994	0.22949398	0.064295866	0.057932626	0.006363242	0.0018812177	0.032640435
2019-11-01	212.41176	-2.0661664	0.80637133	0.054316197	0.03195772	0.022358479	0.013730992	0.02790851
2019-12-01	212.41176	-1.4041809	2.915723	0.034413844	-0.046431202	0.08084505	0.0735538	0.017749432
2020-01-01	212.41176	0.1990454	15.175112	0.002605378	-0.41815904	0.42076445	0.41940808	0.0013563673
2020-02-01	212.41176	0.43956175	22.731823	0.024054062	-0.60623735	0.63029146	0.6177515	0.012540017
2020-03-01	212.41176	-0.58710426	13.062846	0.054130528	-0.30806655	0.3621971	0.33414572	0.02805139
2020-04-01	212.41176	-1.5261439	7.1191063	0.041352775	-0.15604064	0.1973934	0.17775707	0.02131279
2020-05-01	212.41176	-2.6439445	0.18928258	0.044763368	0.03951508	0.0052482896	0.0018376177	0.022922363
2020-06-01	212.41176	-3.1341827	0.2615913	0.058062177	0.050808966	0.007253213	0.0017818422	0.029646467
2020-07-01	212.41176	-4.1628685	0.0	0.04704843	0.04704843	0.0	0.0	0.023878962
2020-08-01	212.41176	-7.7264986	0.067984186	0.09098734	0.08910232	0.0018850162	0.0	0.04520431
2020-09-01	212.41176	-5.974889	0.0	0.1044432	0.1044432	0.0	0.0	0.052438825
2020-10-01	212.41176	-3.8551478	0.0	0.09383424	0.09383424	0.0	0.0	0.047710855
2020-11-01	212.41176	-1.7771136	0.5868907	0.0581232	0.04185032	0.016272878	0.007554371	0.029915014
2020-12-01	212.41176	-1.1165503	3.0518117	0.025766348	-0.05885207	0.084618405	0.07959428	0.013313193
